iter,x,y,cost
1,1.5,15,721.125
2,2.25,-45,11520.3
3,2.625,195,184320
4,2.8125,-765,2.94912e+06
5,2.90625,3075,4.71859e+07
6,2.95312,-12285,7.54975e+08
7,2.97656,49155,1.20796e+10
8,2.98828,-196605,1.93274e+11
9,2.99414,786435,3.09238e+12
10,2.99707,-3.14572e+06,4.9478e+13
11,2.99854,1.25829e+07,7.91648e+14
12,2.99927,-5.03316e+07,1.26664e+16
13,2.99963,2.01327e+08,2.02662e+17
14,2.99982,-8.05306e+08,3.24259e+18
15,2.99991,3.22123e+09,5.18815e+19
16,2.99995,-1.28849e+10,8.30103e+20
17,2.99998,5.15396e+10,1.32817e+22
18,2.99999,-2.06158e+11,2.12506e+23
19,2.99999,8.24634e+11,3.4001e+24
20,3,-3.29853e+12,5.44017e+25
21,3,1.31941e+13,8.70427e+26
22,3,-5.27766e+13,1.39268e+28
23,3,2.11106e+14,2.22829e+29
24,3,-8.44425e+14,3.56527e+30
25,3,3.3777e+15,5.70443e+31
26,3,-1.35108e+16,9.12708e+32
27,3,5.40432e+16,1.46033e+34
28,3,-2.16173e+17,2.33653e+35
29,3,8.64691e+17,3.73845e+36
30,3,-3.45876e+18,5.98153e+37
31,3,1.38351e+19,9.57044e+38
32,3,-5.53402e+19,1.53127e+40
33,3,2.21361e+20,2.45003e+41
34,3,-8.85444e+20,3.92005e+42
35,3,3.54177e+21,6.27208e+43
36,3,-1.41671e+22,1.00353e+45
37,3,5.66684e+22,1.60565e+46
38,3,-2.26674e+23,2.56905e+47
39,3,9.06694e+23,4.11047e+48
40,3,-3.62678e+24,6.57676e+49
41,3,1.45071e+25,1.05228e+51
42,3,-5.80284e+25,1.68365e+52
43,3,2.32114e+26,2.69384e+53
44,3,-9.28455e+26,4.31014e+54
45,3,3.71382e+27,6.89623e+55
46,3,-1.48553e+28,1.1034e+57
47,3,5.94211e+28,1.76543e+58
48,3,-2.37684e+29,2.8247e+59
49,3,9.50738e+29,4.51951e+60
50,3,-3.80295e+30,7.23122e+61
51,3,1.52118e+31,1.157e+63
52,3,-6.08472e+31,1.85119e+64
53,3,2.43389e+32,2.96191e+65
54,3,-9.73556e+32,4.73905e+66
55,3,3.89422e+33,7.58249e+67
56,3,-1.55769e+34,1.2132e+69
57,3,6.23076e+34,1.94112e+70
58,3,-2.4923e+35,3.10579e+71
59,3,9.96921e+35,4.96926e+72
60,3,-3.98768e+36,7.95081e+73
61,3,1.59507e+37,1.27213e+75
62,3,-6.38029e+37,2.03541e+76
63,3,2.55212e+38,3.25665e+77
64,3,-1.02085e+39,5.21064e+78
65,3,4.08339e+39,8.33703e+79
66,3,-1.63336e+40,1.33392e+81
67,3,6.53342e+40,2.13428e+82
68,3,-2.61337e+41,3.41485e+83
69,3,1.04535e+42,5.46376e+84
70,3,-4.18139e+42,8.74201e+85
71,3,1.67256e+43,1.39872e+87
72,3,-6.69022e+43,2.23795e+88
73,3,2.67609e+44,3.58073e+89
74,3,-1.07044e+45,5.72916e+90
75,3,4.28174e+45,9.16666e+91
76,3,-1.7127e+46,1.46667e+93
77,3,6.85079e+46,2.34667e+94
78,3,-2.74032e+47,3.75466e+95
79,3,1.09613e+48,6.00746e+96
80,3,-4.3845e+48,9.61194e+97
81,3,1.7538e+49,1.53791e+99
82,3,-7.01521e+49,2.46066e+100
83,3,2.80608e+50,3.93705e+101
84,3,-1.12243e+51,6.29928e+102
85,3,4.48973e+51,1.00789e+104
86,3,-1.79589e+52,1.61262e+105
87,3,7.18357e+52,2.58019e+106
88,3,-2.87343e+53,4.1283e+107
89,3,1.14937e+54,6.60528e+108
90,3,-4.59749e+54,1.05684e+110
91,3,1.83899e+55,1.69095e+111
92,3,-7.35598e+55,2.70552e+112
93,3,2.94239e+56,4.32883e+113
94,3,-1.17696e+57,6.92613e+114
95,3,4.70783e+57,1.10818e+116
96,3,-1.88313e+58,1.77309e+117
97,3,7.53252e+58,2.83694e+118
98,3,-3.01301e+59,4.53911e+119
99,3,1.2052e+60,7.26258e+120
100,3,-4.82081e+60,1.16201e+122
101,3,1.92833e+61,1.85922e+123
102,3,-7.7133e+61,2.97475e+124
103,3,3.08532e+62,4.7596e+125
104,3,-1.23413e+63,7.61536e+126
105,3,4.93651e+63,1.21846e+128
106,3,-1.97461e+64,1.94953e+129
107,3,7.89842e+64,3.11925e+130
108,3,-3.15937e+65,4.99081e+131
109,3,1.26375e+66,7.98529e+132
110,3,-5.05499e+66,1.27765e+134
111,3,2.022e+67,2.04423e+135
112,3,-8.08798e+67,3.27077e+136
113,3,3.23519e+68,5.23324e+137
114,3,-1.29408e+69,8.37318e+138
115,3,5.17631e+69,1.33971e+140
116,3,-2.07052e+70,2.14353e+141
117,3,8.2821e+70,3.42966e+142
118,3,-3.31284e+71,5.48745e+143
119,3,1.32514e+72,8.77992e+144
120,3,-5.30054e+72,1.40479e+146
121,3,2.12022e+73,2.24766e+147
122,3,-8.48087e+73,3.59625e+148
123,3,3.39235e+74,5.75401e+149
124,3,-1.35694e+75,9.20641e+150
125,3,5.42775e+75,1.47303e+152
126,3,-2.1711e+76,2.35684e+153
127,3,8.68441e+76,3.77095e+154
128,3,-3.47376e+77,6.03351e+155
129,3,1.38951e+78,9.65362e+156
130,3,-5.55802e+78,1.54458e+158
131,3,2.22321e+79,2.47133e+159
132,3,-8.89283e+79,3.95412e+160
133,3,3.55713e+80,6.3266e+161
134,3,-1.42285e+81,1.01226e+163
135,3,5.69141e+81,1.61961e+164
136,3,-2.27657e+82,2.59137e+165
137,3,9.10626e+82,4.1462e+166
138,3,-3.6425e+83,6.63392e+167
139,3,1.457e+84,1.06143e+169
140,3,-5.82801e+84,1.69828e+170
141,3,2.3312e+85,2.71725e+171
142,3,-9.32481e+85,4.3476e+172
143,3,3.72992e+86,6.95617e+173
144,3,-1.49197e+87,1.11299e+175
145,3,5.96788e+87,1.78078e+176
146,3,-2.38715e+88,2.84925e+177
147,3,9.54861e+88,4.55879e+178
148,3,-3.81944e+89,7.29407e+179
149,3,1.52778e+90,1.16705e+181
150,3,-6.11111e+90,1.86728e+182
151,3,2.44444e+91,2.98765e+183
152,3,-9.77777e+91,4.78024e+184
153,3,3.91111e+92,7.64839e+185
154,3,-1.56444e+93,1.22374e+187
155,3,6.25777e+93,1.95799e+188
156,3,-2.50311e+94,3.13278e+189
157,3,1.00124e+95,5.01245e+190
158,3,-4.00498e+95,8.01992e+191
159,3,1.60199e+96,1.28319e+193
160,3,-6.40796e+96,2.0531e+194
161,3,2.56318e+97,3.28496e+195
162,3,-1.02527e+98,5.25593e+196
163,3,4.1011e+98,8.40949e+197
164,3,-1.64044e+99,1.34552e+199
165,3,6.56175e+99,2.15283e+200
166,3,-2.6247e+100,3.44453e+201
167,3,1.04988e+101,5.51124e+202
168,3,-4.19952e+101,8.81799e+203
169,3,1.67981e+102,1.41088e+205
170,3,-6.71923e+102,2.25741e+206
171,3,2.68769e+103,3.61185e+207
172,3,-1.07508e+104,5.77896e+208
173,3,4.30031e+104,9.24633e+209
174,3,-1.72012e+105,1.47941e+211
175,3,6.8805e+105,2.36706e+212
176,3,-2.7522e+106,3.7873e+213
177,3,1.10088e+107,6.05968e+214
178,3,-4.40352e+107,9.69548e+215
179,3,1.76141e+108,1.55128e+217
180,3,-7.04563e+108,2.48204e+218
181,3,2.81825e+109,3.97127e+219
182,3,-1.1273e+110,6.35403e+220
183,3,4.5092e+110,1.01665e+222
184,3,-1.80368e+111,1.62663e+223
185,3,7.21472e+111,2.60261e+224
186,3,-2.88589e+112,4.16418e+225
187,3,1.15436e+113,6.66268e+226
188,3,-4.61742e+113,1.06603e+228
189,3,1.84697e+114,1.70565e+229
190,3,-7.38788e+114,2.72904e+230
191,3,2.95515e+115,4.36646e+231
192,3,-1.18206e+116,6.98633e+232
193,3,4.72824e+116,1.11781e+234
194,3,-1.8913e+117,1.7885e+235
195,3,7.56519e+117,2.8616e+236
196,3,-3.02607e+118,4.57856e+237
197,3,1.21043e+119,7.3257e+238
198,3,-4.84172e+119,1.17211e+240
199,3,1.93669e+120,1.87538e+241
200,3,-7.74675e+120,3.00061e+242
201,3,3.0987e+121,4.80097e+243
202,3,-1.23948e+122,7.68155e+244
203,3,4.95792e+122,1.22905e+246
204,3,-1.98317e+123,1.96648e+247
205,3,7.93267e+123,3.14636e+248
206,3,-3.17307e+124,5.03418e+249
207,3,1.26923e+125,8.05469e+250
208,3,-5.07691e+125,1.28875e+252
209,3,2.03076e+126,2.062e+253
210,3,-8.12306e+126,3.2992e+254
211,3,3.24922e+127,5.27872e+255
212,3,-1.29969e+128,8.44596e+256
213,3,5.19876e+128,1.35135e+258
214,3,-2.0795e+129,2.16216e+259
215,3,8.31801e+129,3.45946e+260
216,3,-3.3272e+130,5.53514e+261
217,3,1.33088e+131,8.85623e+262
218,3,-5.32353e+131,1.417e+264
219,3,2.12941e+132,2.26719e+265
220,3,-8.51764e+132,3.62751e+266
221,3,3.40706e+133,5.80402e+267
222,3,-1.36282e+134,9.28643e+268
223,3,5.45129e+134,1.48583e+270
224,3,-2.18052e+135,2.37733e+271
225,3,8.72206e+135,3.80372e+272
226,3,-3.48883e+136,6.08595e+273
227,3,1.39553e+137,9.73752e+274
228,3,-5.58212e+137,1.558e+276
229,3,2.23285e+138,2.49281e+277
230,3,-8.93139e+138,3.98849e+278
231,3,3.57256e+139,6.38158e+279
232,3,-1.42902e+140,1.02105e+281
233,3,5.71609e+140,1.63369e+282
234,3,-2.28644e+141,2.6139e+283
235,3,9.14575e+141,4.18224e+284
236,3,-3.6583e+142,6.69158e+285
237,3,1.46332e+143,1.07065e+287
238,3,-5.85328e+143,1.71304e+288
239,3,2.34131e+144,2.74087e+289
240,3,-9.36525e+144,4.38539e+290
241,3,3.7461e+145,7.01663e+291
242,3,-1.49844e+146,1.12266e+293
243,3,5.99376e+146,1.79626e+294
244,3,-2.3975e+147,2.87401e+295
245,3,9.59001e+147,4.59842e+296
246,3,-3.836e+148,7.35747e+297
247,3,1.5344e+149,1.17719e+299
248,3,-6.13761e+149,1.88351e+300
249,3,2.45504e+150,3.01362e+301
250,3,-9.82017e+150,4.82179e+302
251,3,3.92807e+151,7.71486e+303
252,3,-1.57123e+152,1.23438e+305
253,3,6.28491e+152,1.975e+306
254,3,-2.51396e+153,3.16001e+307
255,3,1.00559e+154,inf
256,3,-4.02234e+154,inf
257,3,1.60894e+155,inf
258,3,-6.43575e+155,inf
259,3,2.5743e+156,inf
260,3,-1.02972e+157,inf
261,3,4.11888e+157,inf
262,3,-1.64755e+158,inf
263,3,6.59021e+158,inf
264,3,-2.63608e+159,inf
265,3,1.05443e+160,inf
266,3,-4.21773e+160,inf
267,3,1.68709e+161,inf
268,3,-6.74837e+161,inf
269,3,2.69935e+162,inf
270,3,-1.07974e+163,inf
271,3,4.31896e+163,inf
272,3,-1.72758e+164,inf
273,3,6.91033e+164,inf
274,3,-2.76413e+165,inf
275,3,1.10565e+166,inf
276,3,-4.42261e+166,inf
277,3,1.76904e+167,inf
278,3,-7.07618e+167,inf
279,3,2.83047e+168,inf
280,3,-1.13219e+169,inf
281,3,4.52875e+169,inf
282,3,-1.8115e+170,inf
283,3,7.24601e+170,inf
284,3,-2.8984e+171,inf
285,3,1.15936e+172,inf
286,3,-4.63745e+172,inf
287,3,1.85498e+173,inf
288,3,-7.41991e+173,inf
289,3,2.96796e+174,inf
290,3,-1.18719e+175,inf
291,3,4.74874e+175,inf
292,3,-1.8995e+176,inf
293,3,7.59799e+176,inf
294,3,-3.0392e+177,inf
295,3,1.21568e+178,inf
296,3,-4.86271e+178,inf
297,3,1.94509e+179,inf
298,3,-7.78034e+179,inf
299,3,3.11214e+180,inf
300,3,-1.24485e+181,inf
301,3,4.97942e+181,inf
302,3,-1.99177e+182,inf
303,3,7.96707e+182,inf
304,3,-3.18683e+183,inf
305,3,1.27473e+184,inf
306,3,-5.09892e+184,inf
307,3,2.03957e+185,inf
308,3,-8.15828e+185,inf
309,3,3.26331e+186,inf
310,3,-1.30532e+187,inf
311,3,5.2213e+187,inf
312,3,-2.08852e+188,inf
313,3,8.35408e+188,inf
314,3,-3.34163e+189,inf
315,3,1.33665e+190,inf
316,3,-5.34661e+190,inf
317,3,2.13864e+191,inf
318,3,-8.55458e+191,inf
319,3,3.42183e+192,inf
320,3,-1.36873e+193,inf
321,3,5.47493e+193,inf
322,3,-2.18997e+194,inf
323,3,8.75989e+194,inf
324,3,-3.50395e+195,inf
325,3,1.40158e+196,inf
326,3,-5.60633e+196,inf
327,3,2.24253e+197,inf
328,3,-8.97012e+197,inf
329,3,3.58805e+198,inf
330,3,-1.43522e+199,inf
331,3,5.74088e+199,inf
332,3,-2.29635e+200,inf
333,3,9.18541e+200,inf
334,3,-3.67416e+201,inf
335,3,1.46966e+202,inf
336,3,-5.87866e+202,inf
337,3,2.35146e+203,inf
338,3,-9.40586e+203,inf
339,3,3.76234e+204,inf
340,3,-1.50494e+205,inf
341,3,6.01975e+205,inf
342,3,-2.4079e+206,inf
343,3,9.6316e+206,inf
344,3,-3.85264e+207,inf
345,3,1.54106e+208,inf
346,3,-6.16422e+208,inf
347,3,2.46569e+209,inf
348,3,-9.86275e+209,inf
349,3,3.9451e+210,inf
350,3,-1.57804e+211,inf
351,3,6.31216e+211,inf
352,3,-2.52487e+212,inf
353,3,1.00995e+213,inf
354,3,-4.03978e+213,inf
355,3,1.61591e+214,inf
356,3,-6.46365e+214,inf
357,3,2.58546e+215,inf
358,3,-1.03418e+216,inf
359,3,4.13674e+216,inf
360,3,-1.6547e+217,inf
361,3,6.61878e+217,inf
362,3,-2.64751e+218,inf
363,3,1.05901e+219,inf
364,3,-4.23602e+219,inf
365,3,1.69441e+220,inf
366,3,-6.77763e+220,inf
367,3,2.71105e+221,inf
368,3,-1.08442e+222,inf
369,3,4.33769e+222,inf
370,3,-1.73507e+223,inf
371,3,6.9403e+223,inf
372,3,-2.77612e+224,inf
373,3,1.11045e+225,inf
374,3,-4.44179e+225,inf
375,3,1.77672e+226,inf
376,3,-7.10686e+226,inf
377,3,2.84275e+227,inf
378,3,-1.1371e+228,inf
379,3,4.54839e+228,inf
380,3,-1.81936e+229,inf
381,3,7.27743e+229,inf
382,3,-2.91097e+230,inf
383,3,1.16439e+231,inf
384,3,-4.65755e+231,inf
385,3,1.86302e+232,inf
386,3,-7.45209e+232,inf
387,3,2.98083e+233,inf
388,3,-1.19233e+234,inf
389,3,4.76934e+234,inf
390,3,-1.90773e+235,inf
391,3,7.63094e+235,inf
392,3,-3.05237e+236,inf
393,3,1.22095e+237,inf
394,3,-4.8838e+237,inf
395,3,1.95352e+238,inf
396,3,-7.81408e+238,inf
397,3,3.12563e+239,inf
398,3,-1.25025e+240,inf
399,3,5.00101e+240,inf
400,3,-2.0004e+241,inf
401,3,8.00162e+241,inf
402,3,-3.20065e+242,inf
403,3,1.28026e+243,inf
404,3,-5.12104e+243,inf
405,3,2.04841e+244,inf
406,3,-8.19366e+244,inf
407,3,3.27746e+245,inf
408,3,-1.31098e+246,inf
409,3,5.24394e+246,inf
410,3,-2.09758e+247,inf
411,3,8.3903e+247,inf
412,3,-3.35612e+248,inf
413,3,1.34245e+249,inf
414,3,-5.36979e+249,inf
415,3,2.14792e+250,inf
416,3,-8.59167e+250,inf
417,3,3.43667e+251,inf
418,3,-1.37467e+252,inf
419,3,5.49867e+252,inf
420,3,-2.19947e+253,inf
421,3,8.79787e+253,inf
422,3,-3.51915e+254,inf
423,3,1.40766e+255,inf
424,3,-5.63064e+255,inf
425,3,2.25226e+256,inf
426,3,-9.00902e+256,inf
427,3,3.60361e+257,inf
428,3,-1.44144e+258,inf
429,3,5.76577e+258,inf
430,3,-2.30631e+259,inf
431,3,9.22524e+259,inf
432,3,-3.69009e+260,inf
433,3,1.47604e+261,inf
434,3,-5.90415e+261,inf
435,3,2.36166e+262,inf
436,3,-9.44664e+262,inf
437,3,3.77866e+263,inf
438,3,-1.51146e+264,inf
439,3,6.04585e+264,inf
440,3,-2.41834e+265,inf
441,3,9.67336e+265,inf
442,3,-3.86934e+266,inf
443,3,1.54774e+267,inf
444,3,-6.19095e+267,inf
445,3,2.47638e+268,inf
446,3,-9.90552e+268,inf
447,3,3.96221e+269,inf
448,3,-1.58488e+270,inf
449,3,6.33953e+270,inf
450,3,-2.53581e+271,inf
451,3,1.01433e+272,inf
452,3,-4.0573e+272,inf
453,3,1.62292e+273,inf
454,3,-6.49168e+273,inf
455,3,2.59667e+274,inf
456,3,-1.03867e+275,inf
457,3,4.15468e+275,inf
458,3,-1.66187e+276,inf
459,3,6.64748e+276,inf
460,3,-2.65899e+277,inf
461,3,1.0636e+278,inf
462,3,-4.25439e+278,inf
463,3,1.70176e+279,inf
464,3,-6.80702e+279,inf
465,3,2.72281e+280,inf
466,3,-1.08912e+281,inf
467,3,4.35649e+281,inf
468,3,-1.7426e+282,inf
469,3,6.97039e+282,inf
470,3,-2.78816e+283,inf
471,3,1.11526e+284,inf
472,3,-4.46105e+284,inf
473,3,1.78442e+285,inf
474,3,-7.13768e+285,inf
475,3,2.85507e+286,inf
476,3,-1.14203e+287,inf
477,3,4.56812e+287,inf
478,3,-1.82725e+288,inf
479,3,7.30899e+288,inf
480,3,-2.92359e+289,inf
481,3,1.16944e+290,inf
482,3,-4.67775e+290,inf
483,3,1.8711e+291,inf
484,3,-7.4844e+291,inf
485,3,2.99376e+292,inf
486,3,-1.1975e+293,inf
487,3,4.79002e+293,inf
488,3,-1.91601e+294,inf
489,3,7.66403e+294,inf
490,3,-3.06561e+295,inf
491,3,1.22624e+296,inf
492,3,-4.90498e+296,inf
493,3,1.96199e+297,inf
494,3,-7.84796e+297,inf
495,3,3.13919e+298,inf
496,3,-1.25567e+299,inf
497,3,5.0227e+299,inf
498,3,-2.00908e+300,inf
499,3,8.03631e+300,inf
500,3,-3.21453e+301,inf
501,3,1.28581e+302,inf
502,3,-5.14324e+302,inf
503,3,2.0573e+303,inf
504,3,-8.22919e+303,inf
505,3,3.29167e+304,inf
506,3,-1.31667e+305,inf
507,3,5.26668e+305,inf
508,3,-2.10667e+306,inf
509,3,8.42669e+306,inf
510,3,-3.37067e+307,inf
511,3,inf,inf
512,3,-nan,-nan
513,3,-nan,-nan
514,3,-nan,-nan
515,3,-nan,-nan
516,3,-nan,-nan
517,3,-nan,-nan
518,3,-nan,-nan
519,3,-nan,-nan
520,3,-nan,-nan
521,3,-nan,-nan
522,3,-nan,-nan
523,3,-nan,-nan
524,3,-nan,-nan
525,3,-nan,-nan
526,3,-nan,-nan
527,3,-nan,-nan
528,3,-nan,-nan
529,3,-nan,-nan
530,3,-nan,-nan
531,3,-nan,-nan
532,3,-nan,-nan
533,3,-nan,-nan
534,3,-nan,-nan
535,3,-nan,-nan
536,3,-nan,-nan
537,3,-nan,-nan
538,3,-nan,-nan
539,3,-nan,-nan
540,3,-nan,-nan
541,3,-nan,-nan
542,3,-nan,-nan
543,3,-nan,-nan
544,3,-nan,-nan
545,3,-nan,-nan
546,3,-nan,-nan
547,3,-nan,-nan
548,3,-nan,-nan
549,3,-nan,-nan
550,3,-nan,-nan
551,3,-nan,-nan
552,3,-nan,-nan
553,3,-nan,-nan
554,3,-nan,-nan
555,3,-nan,-nan
556,3,-nan,-nan
557,3,-nan,-nan
558,3,-nan,-nan
559,3,-nan,-nan
560,3,-nan,-nan
561,3,-nan,-nan
562,3,-nan,-nan
563,3,-nan,-nan
564,3,-nan,-nan
565,3,-nan,-nan
566,3,-nan,-nan
567,3,-nan,-nan
568,3,-nan,-nan
569,3,-nan,-nan
570,3,-nan,-nan
571,3,-nan,-nan
572,3,-nan,-nan
573,3,-nan,-nan
574,3,-nan,-nan
575,3,-nan,-nan
576,3,-nan,-nan
577,3,-nan,-nan
578,3,-nan,-nan
579,3,-nan,-nan
580,3,-nan,-nan
581,3,-nan,-nan
582,3,-nan,-nan
583,3,-nan,-nan
584,3,-nan,-nan
585,3,-nan,-nan
586,3,-nan,-nan
587,3,-nan,-nan
588,3,-nan,-nan
589,3,-nan,-nan
590,3,-nan,-nan
591,3,-nan,-nan
592,3,-nan,-nan
593,3,-nan,-nan
594,3,-nan,-nan
595,3,-nan,-nan
596,3,-nan,-nan
597,3,-nan,-nan
598,3,-nan,-nan
599,3,-nan,-nan
600,3,-nan,-nan
601,3,-nan,-nan
602,3,-nan,-nan
603,3,-nan,-nan
604,3,-nan,-nan
605,3,-nan,-nan
606,3,-nan,-nan
607,3,-nan,-nan
608,3,-nan,-nan
609,3,-nan,-nan
610,3,-nan,-nan
611,3,-nan,-nan
612,3,-nan,-nan
613,3,-nan,-nan
614,3,-nan,-nan
615,3,-nan,-nan
616,3,-nan,-nan
617,3,-nan,-nan
618,3,-nan,-nan
619,3,-nan,-nan
620,3,-nan,-nan
621,3,-nan,-nan
622,3,-nan,-nan
623,3,-nan,-nan
624,3,-nan,-nan
625,3,-nan,-nan
626,3,-nan,-nan
627,3,-nan,-nan
628,3,-nan,-nan
629,3,-nan,-nan
630,3,-nan,-nan
631,3,-nan,-nan
632,3,-nan,-nan
633,3,-nan,-nan
634,3,-nan,-nan
635,3,-nan,-nan
636,3,-nan,-nan
637,3,-nan,-nan
638,3,-nan,-nan
639,3,-nan,-nan
640,3,-nan,-nan
641,3,-nan,-nan
642,3,-nan,-nan
643,3,-nan,-nan
644,3,-nan,-nan
645,3,-nan,-nan
646,3,-nan,-nan
647,3,-nan,-nan
648,3,-nan,-nan
649,3,-nan,-nan
650,3,-nan,-nan
651,3,-nan,-nan
652,3,-nan,-nan
653,3,-nan,-nan
654,3,-nan,-nan
655,3,-nan,-nan
656,3,-nan,-nan
657,3,-nan,-nan
658,3,-nan,-nan
659,3,-nan,-nan
660,3,-nan,-nan
661,3,-nan,-nan
662,3,-nan,-nan
663,3,-nan,-nan
664,3,-nan,-nan
665,3,-nan,-nan
666,3,-nan,-nan
667,3,-nan,-nan
668,3,-nan,-nan
669,3,-nan,-nan
670,3,-nan,-nan
671,3,-nan,-nan
672,3,-nan,-nan
673,3,-nan,-nan
674,3,-nan,-nan
675,3,-nan,-nan
676,3,-nan,-nan
677,3,-nan,-nan
678,3,-nan,-nan
679,3,-nan,-nan
680,3,-nan,-nan
681,3,-nan,-nan
682,3,-nan,-nan
683,3,-nan,-nan
684,3,-nan,-nan
685,3,-nan,-nan
686,3,-nan,-nan
687,3,-nan,-nan
688,3,-nan,-nan
689,3,-nan,-nan
690,3,-nan,-nan
691,3,-nan,-nan
692,3,-nan,-nan
693,3,-nan,-nan
694,3,-nan,-nan
695,3,-nan,-nan
696,3,-nan,-nan
697,3,-nan,-nan
698,3,-nan,-nan
699,3,-nan,-nan
700,3,-nan,-nan
701,3,-nan,-nan
702,3,-nan,-nan
703,3,-nan,-nan
704,3,-nan,-nan
705,3,-nan,-nan
706,3,-nan,-nan
707,3,-nan,-nan
708,3,-nan,-nan
709,3,-nan,-nan
710,3,-nan,-nan
711,3,-nan,-nan
712,3,-nan,-nan
713,3,-nan,-nan
714,3,-nan,-nan
715,3,-nan,-nan
716,3,-nan,-nan
717,3,-nan,-nan
718,3,-nan,-nan
719,3,-nan,-nan
720,3,-nan,-nan
721,3,-nan,-nan
722,3,-nan,-nan
723,3,-nan,-nan
724,3,-nan,-nan
725,3,-nan,-nan
726,3,-nan,-nan
727,3,-nan,-nan
728,3,-nan,-nan
729,3,-nan,-nan
730,3,-nan,-nan
731,3,-nan,-nan
732,3,-nan,-nan
733,3,-nan,-nan
734,3,-nan,-nan
735,3,-nan,-nan
736,3,-nan,-nan
737,3,-nan,-nan
738,3,-nan,-nan
739,3,-nan,-nan
740,3,-nan,-nan
741,3,-nan,-nan
742,3,-nan,-nan
743,3,-nan,-nan
744,3,-nan,-nan
745,3,-nan,-nan
746,3,-nan,-nan
747,3,-nan,-nan
748,3,-nan,-nan
749,3,-nan,-nan
750,3,-nan,-nan
751,3,-nan,-nan
752,3,-nan,-nan
753,3,-nan,-nan
754,3,-nan,-nan
755,3,-nan,-nan
756,3,-nan,-nan
757,3,-nan,-nan
758,3,-nan,-nan
759,3,-nan,-nan
760,3,-nan,-nan
761,3,-nan,-nan
762,3,-nan,-nan
763,3,-nan,-nan
764,3,-nan,-nan
765,3,-nan,-nan
766,3,-nan,-nan
767,3,-nan,-nan
768,3,-nan,-nan
769,3,-nan,-nan
770,3,-nan,-nan
771,3,-nan,-nan
772,3,-nan,-nan
773,3,-nan,-nan
774,3,-nan,-nan
775,3,-nan,-nan
776,3,-nan,-nan
777,3,-nan,-nan
778,3,-nan,-nan
779,3,-nan,-nan
780,3,-nan,-nan
781,3,-nan,-nan
782,3,-nan,-nan
783,3,-nan,-nan
784,3,-nan,-nan
785,3,-nan,-nan
786,3,-nan,-nan
787,3,-nan,-nan
788,3,-nan,-nan
789,3,-nan,-nan
790,3,-nan,-nan
791,3,-nan,-nan
792,3,-nan,-nan
793,3,-nan,-nan
794,3,-nan,-nan
795,3,-nan,-nan
796,3,-nan,-nan
797,3,-nan,-nan
798,3,-nan,-nan
799,3,-nan,-nan
800,3,-nan,-nan
801,3,-nan,-nan
802,3,-nan,-nan
803,3,-nan,-nan
804,3,-nan,-nan
805,3,-nan,-nan
806,3,-nan,-nan
807,3,-nan,-nan
808,3,-nan,-nan
809,3,-nan,-nan
810,3,-nan,-nan
811,3,-nan,-nan
812,3,-nan,-nan
813,3,-nan,-nan
814,3,-nan,-nan
815,3,-nan,-nan
816,3,-nan,-nan
817,3,-nan,-nan
818,3,-nan,-nan
819,3,-nan,-nan
820,3,-nan,-nan
821,3,-nan,-nan
822,3,-nan,-nan
823,3,-nan,-nan
824,3,-nan,-nan
825,3,-nan,-nan
826,3,-nan,-nan
827,3,-nan,-nan
828,3,-nan,-nan
829,3,-nan,-nan
830,3,-nan,-nan
831,3,-nan,-nan
832,3,-nan,-nan
833,3,-nan,-nan
834,3,-nan,-nan
835,3,-nan,-nan
836,3,-nan,-nan
837,3,-nan,-nan
838,3,-nan,-nan
839,3,-nan,-nan
840,3,-nan,-nan
841,3,-nan,-nan
842,3,-nan,-nan
843,3,-nan,-nan
844,3,-nan,-nan
845,3,-nan,-nan
846,3,-nan,-nan
847,3,-nan,-nan
848,3,-nan,-nan
849,3,-nan,-nan
850,3,-nan,-nan
851,3,-nan,-nan
852,3,-nan,-nan
853,3,-nan,-nan
854,3,-nan,-nan
855,3,-nan,-nan
856,3,-nan,-nan
857,3,-nan,-nan
858,3,-nan,-nan
859,3,-nan,-nan
860,3,-nan,-nan
861,3,-nan,-nan
862,3,-nan,-nan
863,3,-nan,-nan
864,3,-nan,-nan
865,3,-nan,-nan
866,3,-nan,-nan
867,3,-nan,-nan
868,3,-nan,-nan
869,3,-nan,-nan
870,3,-nan,-nan
871,3,-nan,-nan
872,3,-nan,-nan
873,3,-nan,-nan
874,3,-nan,-nan
875,3,-nan,-nan
876,3,-nan,-nan
877,3,-nan,-nan
878,3,-nan,-nan
879,3,-nan,-nan
880,3,-nan,-nan
881,3,-nan,-nan
882,3,-nan,-nan
883,3,-nan,-nan
884,3,-nan,-nan
885,3,-nan,-nan
886,3,-nan,-nan
887,3,-nan,-nan
888,3,-nan,-nan
889,3,-nan,-nan
890,3,-nan,-nan
891,3,-nan,-nan
892,3,-nan,-nan
893,3,-nan,-nan
894,3,-nan,-nan
895,3,-nan,-nan
896,3,-nan,-nan
897,3,-nan,-nan
898,3,-nan,-nan
899,3,-nan,-nan
900,3,-nan,-nan
901,3,-nan,-nan
902,3,-nan,-nan
903,3,-nan,-nan
904,3,-nan,-nan
905,3,-nan,-nan
906,3,-nan,-nan
907,3,-nan,-nan
908,3,-nan,-nan
909,3,-nan,-nan
910,3,-nan,-nan
911,3,-nan,-nan
912,3,-nan,-nan
913,3,-nan,-nan
914,3,-nan,-nan
915,3,-nan,-nan
916,3,-nan,-nan
917,3,-nan,-nan
918,3,-nan,-nan
919,3,-nan,-nan
920,3,-nan,-nan
921,3,-nan,-nan
922,3,-nan,-nan
923,3,-nan,-nan
924,3,-nan,-nan
925,3,-nan,-nan
926,3,-nan,-nan
927,3,-nan,-nan
928,3,-nan,-nan
929,3,-nan,-nan
930,3,-nan,-nan
931,3,-nan,-nan
932,3,-nan,-nan
933,3,-nan,-nan
934,3,-nan,-nan
935,3,-nan,-nan
936,3,-nan,-nan
937,3,-nan,-nan
938,3,-nan,-nan
939,3,-nan,-nan
940,3,-nan,-nan
941,3,-nan,-nan
942,3,-nan,-nan
943,3,-nan,-nan
944,3,-nan,-nan
945,3,-nan,-nan
946,3,-nan,-nan
947,3,-nan,-nan
948,3,-nan,-nan
949,3,-nan,-nan
950,3,-nan,-nan
951,3,-nan,-nan
952,3,-nan,-nan
953,3,-nan,-nan
954,3,-nan,-nan
955,3,-nan,-nan
956,3,-nan,-nan
957,3,-nan,-nan
958,3,-nan,-nan
959,3,-nan,-nan
960,3,-nan,-nan
961,3,-nan,-nan
962,3,-nan,-nan
963,3,-nan,-nan
964,3,-nan,-nan
965,3,-nan,-nan
966,3,-nan,-nan
967,3,-nan,-nan
968,3,-nan,-nan
969,3,-nan,-nan
970,3,-nan,-nan
971,3,-nan,-nan
972,3,-nan,-nan
973,3,-nan,-nan
974,3,-nan,-nan
975,3,-nan,-nan
976,3,-nan,-nan
977,3,-nan,-nan
978,3,-nan,-nan
979,3,-nan,-nan
980,3,-nan,-nan
981,3,-nan,-nan
982,3,-nan,-nan
983,3,-nan,-nan
984,3,-nan,-nan
985,3,-nan,-nan
986,3,-nan,-nan
987,3,-nan,-nan
988,3,-nan,-nan
989,3,-nan,-nan
990,3,-nan,-nan
991,3,-nan,-nan
992,3,-nan,-nan
993,3,-nan,-nan
994,3,-nan,-nan
995,3,-nan,-nan
996,3,-nan,-nan
997,3,-nan,-nan
998,3,-nan,-nan
999,3,-nan,-nan
1000,3,-nan,-nan
1001,3,-nan,-nan
1002,3,-nan,-nan
1003,3,-nan,-nan
1004,3,-nan,-nan
1005,3,-nan,-nan
1006,3,-nan,-nan
1007,3,-nan,-nan
1008,3,-nan,-nan
1009,3,-nan,-nan
1010,3,-nan,-nan
1011,3,-nan,-nan
1012,3,-nan,-nan
1013,3,-nan,-nan
1014,3,-nan,-nan
1015,3,-nan,-nan
1016,3,-nan,-nan
1017,3,-nan,-nan
1018,3,-nan,-nan
1019,3,-nan,-nan
1020,3,-nan,-nan
1021,3,-nan,-nan
1022,3,-nan,-nan
1023,3,-nan,-nan
1024,3,-nan,-nan
1025,3,-nan,-nan
1026,3,-nan,-nan
1027,3,-nan,-nan
1028,3,-nan,-nan
1029,3,-nan,-nan
1030,3,-nan,-nan
1031,3,-nan,-nan
1032,3,-nan,-nan
1033,3,-nan,-nan
1034,3,-nan,-nan
1035,3,-nan,-nan
1036,3,-nan,-nan
1037,3,-nan,-nan
1038,3,-nan,-nan
1039,3,-nan,-nan
1040,3,-nan,-nan
1041,3,-nan,-nan
1042,3,-nan,-nan
1043,3,-nan,-nan
1044,3,-nan,-nan
1045,3,-nan,-nan
1046,3,-nan,-nan
1047,3,-nan,-nan
1048,3,-nan,-nan
1049,3,-nan,-nan
1050,3,-nan,-nan
1051,3,-nan,-nan
1052,3,-nan,-nan
1053,3,-nan,-nan
1054,3,-nan,-nan
1055,3,-nan,-nan
1056,3,-nan,-nan
1057,3,-nan,-nan
1058,3,-nan,-nan
1059,3,-nan,-nan
1060,3,-nan,-nan
1061,3,-nan,-nan
1062,3,-nan,-nan
1063,3,-nan,-nan
1064,3,-nan,-nan
1065,3,-nan,-nan
1066,3,-nan,-nan
1067,3,-nan,-nan
1068,3,-nan,-nan
1069,3,-nan,-nan
1070,3,-nan,-nan
1071,3,-nan,-nan
1072,3,-nan,-nan
1073,3,-nan,-nan
1074,3,-nan,-nan
1075,3,-nan,-nan
1076,3,-nan,-nan
1077,3,-nan,-nan
1078,3,-nan,-nan
1079,3,-nan,-nan
1080,3,-nan,-nan
1081,3,-nan,-nan
1082,3,-nan,-nan
1083,3,-nan,-nan
1084,3,-nan,-nan
1085,3,-nan,-nan
1086,3,-nan,-nan
1087,3,-nan,-nan
1088,3,-nan,-nan
1089,3,-nan,-nan
1090,3,-nan,-nan
1091,3,-nan,-nan
1092,3,-nan,-nan
1093,3,-nan,-nan
1094,3,-nan,-nan
1095,3,-nan,-nan
1096,3,-nan,-nan
1097,3,-nan,-nan
1098,3,-nan,-nan
1099,3,-nan,-nan
1100,3,-nan,-nan
1101,3,-nan,-nan
1102,3,-nan,-nan
1103,3,-nan,-nan
1104,3,-nan,-nan
1105,3,-nan,-nan
1106,3,-nan,-nan
1107,3,-nan,-nan
1108,3,-nan,-nan
1109,3,-nan,-nan
1110,3,-nan,-nan
1111,3,-nan,-nan
1112,3,-nan,-nan
1113,3,-nan,-nan
1114,3,-nan,-nan
1115,3,-nan,-nan
1116,3,-nan,-nan
1117,3,-nan,-nan
1118,3,-nan,-nan
1119,3,-nan,-nan
1120,3,-nan,-nan
1121,3,-nan,-nan
1122,3,-nan,-nan
1123,3,-nan,-nan
1124,3,-nan,-nan
1125,3,-nan,-nan
1126,3,-nan,-nan
1127,3,-nan,-nan
1128,3,-nan,-nan
1129,3,-nan,-nan
1130,3,-nan,-nan
1131,3,-nan,-nan
1132,3,-nan,-nan
1133,3,-nan,-nan
1134,3,-nan,-nan
1135,3,-nan,-nan
1136,3,-nan,-nan
1137,3,-nan,-nan
1138,3,-nan,-nan
1139,3,-nan,-nan
1140,3,-nan,-nan
1141,3,-nan,-nan
1142,3,-nan,-nan
1143,3,-nan,-nan
1144,3,-nan,-nan
1145,3,-nan,-nan
1146,3,-nan,-nan
1147,3,-nan,-nan
1148,3,-nan,-nan
1149,3,-nan,-nan
1150,3,-nan,-nan
1151,3,-nan,-nan
1152,3,-nan,-nan
1153,3,-nan,-nan
1154,3,-nan,-nan
1155,3,-nan,-nan
1156,3,-nan,-nan
1157,3,-nan,-nan
1158,3,-nan,-nan
1159,3,-nan,-nan
1160,3,-nan,-nan
1161,3,-nan,-nan
1162,3,-nan,-nan
1163,3,-nan,-nan
1164,3,-nan,-nan
1165,3,-nan,-nan
1166,3,-nan,-nan
1167,3,-nan,-nan
1168,3,-nan,-nan
1169,3,-nan,-nan
1170,3,-nan,-nan
1171,3,-nan,-nan
1172,3,-nan,-nan
1173,3,-nan,-nan
1174,3,-nan,-nan
1175,3,-nan,-nan
1176,3,-nan,-nan
1177,3,-nan,-nan
1178,3,-nan,-nan
1179,3,-nan,-nan
1180,3,-nan,-nan
1181,3,-nan,-nan
1182,3,-nan,-nan
1183,3,-nan,-nan
1184,3,-nan,-nan
1185,3,-nan,-nan
1186,3,-nan,-nan
1187,3,-nan,-nan
1188,3,-nan,-nan
1189,3,-nan,-nan
1190,3,-nan,-nan
1191,3,-nan,-nan
1192,3,-nan,-nan
1193,3,-nan,-nan
1194,3,-nan,-nan
1195,3,-nan,-nan
1196,3,-nan,-nan
1197,3,-nan,-nan
1198,3,-nan,-nan
1199,3,-nan,-nan
1200,3,-nan,-nan
1201,3,-nan,-nan
1202,3,-nan,-nan
1203,3,-nan,-nan
1204,3,-nan,-nan
1205,3,-nan,-nan
1206,3,-nan,-nan
1207,3,-nan,-nan
1208,3,-nan,-nan
1209,3,-nan,-nan
1210,3,-nan,-nan
1211,3,-nan,-nan
1212,3,-nan,-nan
1213,3,-nan,-nan
1214,3,-nan,-nan
1215,3,-nan,-nan
1216,3,-nan,-nan
1217,3,-nan,-nan
1218,3,-nan,-nan
1219,3,-nan,-nan
1220,3,-nan,-nan
1221,3,-nan,-nan
1222,3,-nan,-nan
1223,3,-nan,-nan
1224,3,-nan,-nan
1225,3,-nan,-nan
1226,3,-nan,-nan
1227,3,-nan,-nan
1228,3,-nan,-nan
1229,3,-nan,-nan
1230,3,-nan,-nan
1231,3,-nan,-nan
1232,3,-nan,-nan
1233,3,-nan,-nan
1234,3,-nan,-nan
1235,3,-nan,-nan
1236,3,-nan,-nan
1237,3,-nan,-nan
1238,3,-nan,-nan
1239,3,-nan,-nan
1240,3,-nan,-nan
1241,3,-nan,-nan
1242,3,-nan,-nan
1243,3,-nan,-nan
1244,3,-nan,-nan
1245,3,-nan,-nan
1246,3,-nan,-nan
1247,3,-nan,-nan
1248,3,-nan,-nan
1249,3,-nan,-nan
1250,3,-nan,-nan
1251,3,-nan,-nan
1252,3,-nan,-nan
1253,3,-nan,-nan
1254,3,-nan,-nan
1255,3,-nan,-nan
1256,3,-nan,-nan
1257,3,-nan,-nan
1258,3,-nan,-nan
1259,3,-nan,-nan
1260,3,-nan,-nan
1261,3,-nan,-nan
1262,3,-nan,-nan
1263,3,-nan,-nan
1264,3,-nan,-nan
1265,3,-nan,-nan
1266,3,-nan,-nan
1267,3,-nan,-nan
1268,3,-nan,-nan
1269,3,-nan,-nan
1270,3,-nan,-nan
1271,3,-nan,-nan
1272,3,-nan,-nan
1273,3,-nan,-nan
1274,3,-nan,-nan
1275,3,-nan,-nan
1276,3,-nan,-nan
1277,3,-nan,-nan
1278,3,-nan,-nan
1279,3,-nan,-nan
1280,3,-nan,-nan
1281,3,-nan,-nan
1282,3,-nan,-nan
1283,3,-nan,-nan
1284,3,-nan,-nan
1285,3,-nan,-nan
1286,3,-nan,-nan
1287,3,-nan,-nan
1288,3,-nan,-nan
1289,3,-nan,-nan
1290,3,-nan,-nan
1291,3,-nan,-nan
1292,3,-nan,-nan
1293,3,-nan,-nan
1294,3,-nan,-nan
1295,3,-nan,-nan
1296,3,-nan,-nan
1297,3,-nan,-nan
1298,3,-nan,-nan
1299,3,-nan,-nan
1300,3,-nan,-nan
1301,3,-nan,-nan
1302,3,-nan,-nan
1303,3,-nan,-nan
1304,3,-nan,-nan
1305,3,-nan,-nan
1306,3,-nan,-nan
1307,3,-nan,-nan
1308,3,-nan,-nan
1309,3,-nan,-nan
1310,3,-nan,-nan
1311,3,-nan,-nan
1312,3,-nan,-nan
1313,3,-nan,-nan
1314,3,-nan,-nan
1315,3,-nan,-nan
1316,3,-nan,-nan
1317,3,-nan,-nan
1318,3,-nan,-nan
1319,3,-nan,-nan
1320,3,-nan,-nan
1321,3,-nan,-nan
1322,3,-nan,-nan
1323,3,-nan,-nan
1324,3,-nan,-nan
1325,3,-nan,-nan
1326,3,-nan,-nan
1327,3,-nan,-nan
1328,3,-nan,-nan
1329,3,-nan,-nan
1330,3,-nan,-nan
1331,3,-nan,-nan
1332,3,-nan,-nan
1333,3,-nan,-nan
1334,3,-nan,-nan
1335,3,-nan,-nan
1336,3,-nan,-nan
1337,3,-nan,-nan
1338,3,-nan,-nan
1339,3,-nan,-nan
1340,3,-nan,-nan
1341,3,-nan,-nan
1342,3,-nan,-nan
1343,3,-nan,-nan
1344,3,-nan,-nan
1345,3,-nan,-nan
1346,3,-nan,-nan
1347,3,-nan,-nan
1348,3,-nan,-nan
1349,3,-nan,-nan
1350,3,-nan,-nan
1351,3,-nan,-nan
1352,3,-nan,-nan
1353,3,-nan,-nan
1354,3,-nan,-nan
1355,3,-nan,-nan
1356,3,-nan,-nan
1357,3,-nan,-nan
1358,3,-nan,-nan
1359,3,-nan,-nan
1360,3,-nan,-nan
1361,3,-nan,-nan
1362,3,-nan,-nan
1363,3,-nan,-nan
1364,3,-nan,-nan
1365,3,-nan,-nan
1366,3,-nan,-nan
1367,3,-nan,-nan
1368,3,-nan,-nan
1369,3,-nan,-nan
1370,3,-nan,-nan
1371,3,-nan,-nan
1372,3,-nan,-nan
1373,3,-nan,-nan
1374,3,-nan,-nan
1375,3,-nan,-nan
1376,3,-nan,-nan
1377,3,-nan,-nan
1378,3,-nan,-nan
1379,3,-nan,-nan
1380,3,-nan,-nan
1381,3,-nan,-nan
1382,3,-nan,-nan
1383,3,-nan,-nan
1384,3,-nan,-nan
1385,3,-nan,-nan
1386,3,-nan,-nan
1387,3,-nan,-nan
1388,3,-nan,-nan
1389,3,-nan,-nan
1390,3,-nan,-nan
1391,3,-nan,-nan
1392,3,-nan,-nan
1393,3,-nan,-nan
1394,3,-nan,-nan
1395,3,-nan,-nan
1396,3,-nan,-nan
1397,3,-nan,-nan
1398,3,-nan,-nan
1399,3,-nan,-nan
1400,3,-nan,-nan
1401,3,-nan,-nan
1402,3,-nan,-nan
1403,3,-nan,-nan
1404,3,-nan,-nan
1405,3,-nan,-nan
1406,3,-nan,-nan
1407,3,-nan,-nan
1408,3,-nan,-nan
1409,3,-nan,-nan
1410,3,-nan,-nan
1411,3,-nan,-nan
1412,3,-nan,-nan
1413,3,-nan,-nan
1414,3,-nan,-nan
1415,3,-nan,-nan
1416,3,-nan,-nan
1417,3,-nan,-nan
1418,3,-nan,-nan
1419,3,-nan,-nan
1420,3,-nan,-nan
1421,3,-nan,-nan
1422,3,-nan,-nan
1423,3,-nan,-nan
1424,3,-nan,-nan
1425,3,-nan,-nan
1426,3,-nan,-nan
1427,3,-nan,-nan
1428,3,-nan,-nan
1429,3,-nan,-nan
1430,3,-nan,-nan
1431,3,-nan,-nan
1432,3,-nan,-nan
1433,3,-nan,-nan
1434,3,-nan,-nan
1435,3,-nan,-nan
1436,3,-nan,-nan
1437,3,-nan,-nan
1438,3,-nan,-nan
1439,3,-nan,-nan
1440,3,-nan,-nan
1441,3,-nan,-nan
1442,3,-nan,-nan
1443,3,-nan,-nan
1444,3,-nan,-nan
1445,3,-nan,-nan
1446,3,-nan,-nan
1447,3,-nan,-nan
1448,3,-nan,-nan
1449,3,-nan,-nan
1450,3,-nan,-nan
1451,3,-nan,-nan
1452,3,-nan,-nan
1453,3,-nan,-nan
1454,3,-nan,-nan
1455,3,-nan,-nan
1456,3,-nan,-nan
1457,3,-nan,-nan
1458,3,-nan,-nan
1459,3,-nan,-nan
1460,3,-nan,-nan
1461,3,-nan,-nan
1462,3,-nan,-nan
1463,3,-nan,-nan
1464,3,-nan,-nan
1465,3,-nan,-nan
1466,3,-nan,-nan
1467,3,-nan,-nan
1468,3,-nan,-nan
1469,3,-nan,-nan
1470,3,-nan,-nan
1471,3,-nan,-nan
1472,3,-nan,-nan
1473,3,-nan,-nan
1474,3,-nan,-nan
1475,3,-nan,-nan
1476,3,-nan,-nan
1477,3,-nan,-nan
1478,3,-nan,-nan
1479,3,-nan,-nan
1480,3,-nan,-nan
1481,3,-nan,-nan
1482,3,-nan,-nan
1483,3,-nan,-nan
1484,3,-nan,-nan
1485,3,-nan,-nan
1486,3,-nan,-nan
1487,3,-nan,-nan
1488,3,-nan,-nan
1489,3,-nan,-nan
1490,3,-nan,-nan
1491,3,-nan,-nan
1492,3,-nan,-nan
1493,3,-nan,-nan
1494,3,-nan,-nan
1495,3,-nan,-nan
1496,3,-nan,-nan
1497,3,-nan,-nan
1498,3,-nan,-nan
1499,3,-nan,-nan
1500,3,-nan,-nan
1501,3,-nan,-nan
1502,3,-nan,-nan
1503,3,-nan,-nan
1504,3,-nan,-nan
1505,3,-nan,-nan
1506,3,-nan,-nan
1507,3,-nan,-nan
1508,3,-nan,-nan
1509,3,-nan,-nan
1510,3,-nan,-nan
1511,3,-nan,-nan
1512,3,-nan,-nan
1513,3,-nan,-nan
1514,3,-nan,-nan
1515,3,-nan,-nan
1516,3,-nan,-nan
1517,3,-nan,-nan
1518,3,-nan,-nan
1519,3,-nan,-nan
1520,3,-nan,-nan
1521,3,-nan,-nan
1522,3,-nan,-nan
1523,3,-nan,-nan
1524,3,-nan,-nan
1525,3,-nan,-nan
1526,3,-nan,-nan
1527,3,-nan,-nan
1528,3,-nan,-nan
1529,3,-nan,-nan
1530,3,-nan,-nan
1531,3,-nan,-nan
1532,3,-nan,-nan
1533,3,-nan,-nan
1534,3,-nan,-nan
1535,3,-nan,-nan
1536,3,-nan,-nan
1537,3,-nan,-nan
1538,3,-nan,-nan
1539,3,-nan,-nan
1540,3,-nan,-nan
1541,3,-nan,-nan
1542,3,-nan,-nan
1543,3,-nan,-nan
1544,3,-nan,-nan
1545,3,-nan,-nan
1546,3,-nan,-nan
1547,3,-nan,-nan
1548,3,-nan,-nan
1549,3,-nan,-nan
1550,3,-nan,-nan
1551,3,-nan,-nan
1552,3,-nan,-nan
1553,3,-nan,-nan
1554,3,-nan,-nan
1555,3,-nan,-nan
1556,3,-nan,-nan
1557,3,-nan,-nan
1558,3,-nan,-nan
1559,3,-nan,-nan
1560,3,-nan,-nan
1561,3,-nan,-nan
1562,3,-nan,-nan
1563,3,-nan,-nan
1564,3,-nan,-nan
1565,3,-nan,-nan
1566,3,-nan,-nan
1567,3,-nan,-nan
1568,3,-nan,-nan
1569,3,-nan,-nan
1570,3,-nan,-nan
1571,3,-nan,-nan
1572,3,-nan,-nan
1573,3,-nan,-nan
1574,3,-nan,-nan
1575,3,-nan,-nan
1576,3,-nan,-nan
1577,3,-nan,-nan
1578,3,-nan,-nan
1579,3,-nan,-nan
1580,3,-nan,-nan
1581,3,-nan,-nan
1582,3,-nan,-nan
1583,3,-nan,-nan
1584,3,-nan,-nan
1585,3,-nan,-nan
1586,3,-nan,-nan
1587,3,-nan,-nan
1588,3,-nan,-nan
1589,3,-nan,-nan
1590,3,-nan,-nan
1591,3,-nan,-nan
1592,3,-nan,-nan
1593,3,-nan,-nan
1594,3,-nan,-nan
1595,3,-nan,-nan
1596,3,-nan,-nan
1597,3,-nan,-nan
1598,3,-nan,-nan
1599,3,-nan,-nan
1600,3,-nan,-nan
1601,3,-nan,-nan
1602,3,-nan,-nan
1603,3,-nan,-nan
1604,3,-nan,-nan
1605,3,-nan,-nan
1606,3,-nan,-nan
1607,3,-nan,-nan
1608,3,-nan,-nan
1609,3,-nan,-nan
1610,3,-nan,-nan
1611,3,-nan,-nan
1612,3,-nan,-nan
1613,3,-nan,-nan
1614,3,-nan,-nan
1615,3,-nan,-nan
1616,3,-nan,-nan
1617,3,-nan,-nan
1618,3,-nan,-nan
1619,3,-nan,-nan
1620,3,-nan,-nan
1621,3,-nan,-nan
1622,3,-nan,-nan
1623,3,-nan,-nan
1624,3,-nan,-nan
1625,3,-nan,-nan
1626,3,-nan,-nan
1627,3,-nan,-nan
1628,3,-nan,-nan
1629,3,-nan,-nan
1630,3,-nan,-nan
1631,3,-nan,-nan
1632,3,-nan,-nan
1633,3,-nan,-nan
1634,3,-nan,-nan
1635,3,-nan,-nan
1636,3,-nan,-nan
1637,3,-nan,-nan
1638,3,-nan,-nan
1639,3,-nan,-nan
1640,3,-nan,-nan
1641,3,-nan,-nan
1642,3,-nan,-nan
1643,3,-nan,-nan
1644,3,-nan,-nan
1645,3,-nan,-nan
1646,3,-nan,-nan
1647,3,-nan,-nan
1648,3,-nan,-nan
1649,3,-nan,-nan
1650,3,-nan,-nan
1651,3,-nan,-nan
1652,3,-nan,-nan
1653,3,-nan,-nan
1654,3,-nan,-nan
1655,3,-nan,-nan
1656,3,-nan,-nan
1657,3,-nan,-nan
1658,3,-nan,-nan
1659,3,-nan,-nan
1660,3,-nan,-nan
1661,3,-nan,-nan
1662,3,-nan,-nan
1663,3,-nan,-nan
1664,3,-nan,-nan
1665,3,-nan,-nan
1666,3,-nan,-nan
1667,3,-nan,-nan
1668,3,-nan,-nan
1669,3,-nan,-nan
1670,3,-nan,-nan
1671,3,-nan,-nan
1672,3,-nan,-nan
1673,3,-nan,-nan
1674,3,-nan,-nan
1675,3,-nan,-nan
1676,3,-nan,-nan
1677,3,-nan,-nan
1678,3,-nan,-nan
1679,3,-nan,-nan
1680,3,-nan,-nan
1681,3,-nan,-nan
1682,3,-nan,-nan
1683,3,-nan,-nan
1684,3,-nan,-nan
1685,3,-nan,-nan
1686,3,-nan,-nan
1687,3,-nan,-nan
1688,3,-nan,-nan
1689,3,-nan,-nan
1690,3,-nan,-nan
1691,3,-nan,-nan
1692,3,-nan,-nan
1693,3,-nan,-nan
1694,3,-nan,-nan
1695,3,-nan,-nan
1696,3,-nan,-nan
1697,3,-nan,-nan
1698,3,-nan,-nan
1699,3,-nan,-nan
1700,3,-nan,-nan
1701,3,-nan,-nan
1702,3,-nan,-nan
1703,3,-nan,-nan
1704,3,-nan,-nan
1705,3,-nan,-nan
1706,3,-nan,-nan
1707,3,-nan,-nan
1708,3,-nan,-nan
1709,3,-nan,-nan
1710,3,-nan,-nan
1711,3,-nan,-nan
1712,3,-nan,-nan
1713,3,-nan,-nan
1714,3,-nan,-nan
1715,3,-nan,-nan
1716,3,-nan,-nan
1717,3,-nan,-nan
1718,3,-nan,-nan
1719,3,-nan,-nan
1720,3,-nan,-nan
1721,3,-nan,-nan
1722,3,-nan,-nan
1723,3,-nan,-nan
1724,3,-nan,-nan
1725,3,-nan,-nan
1726,3,-nan,-nan
1727,3,-nan,-nan
1728,3,-nan,-nan
1729,3,-nan,-nan
1730,3,-nan,-nan
1731,3,-nan,-nan
1732,3,-nan,-nan
1733,3,-nan,-nan
1734,3,-nan,-nan
1735,3,-nan,-nan
1736,3,-nan,-nan
1737,3,-nan,-nan
1738,3,-nan,-nan
1739,3,-nan,-nan
1740,3,-nan,-nan
1741,3,-nan,-nan
1742,3,-nan,-nan
1743,3,-nan,-nan
1744,3,-nan,-nan
1745,3,-nan,-nan
1746,3,-nan,-nan
1747,3,-nan,-nan
1748,3,-nan,-nan
1749,3,-nan,-nan
1750,3,-nan,-nan
1751,3,-nan,-nan
1752,3,-nan,-nan
1753,3,-nan,-nan
1754,3,-nan,-nan
1755,3,-nan,-nan
1756,3,-nan,-nan
1757,3,-nan,-nan
1758,3,-nan,-nan
1759,3,-nan,-nan
1760,3,-nan,-nan
1761,3,-nan,-nan
1762,3,-nan,-nan
1763,3,-nan,-nan
1764,3,-nan,-nan
1765,3,-nan,-nan
1766,3,-nan,-nan
1767,3,-nan,-nan
1768,3,-nan,-nan
1769,3,-nan,-nan
1770,3,-nan,-nan
1771,3,-nan,-nan
1772,3,-nan,-nan
1773,3,-nan,-nan
1774,3,-nan,-nan
1775,3,-nan,-nan
1776,3,-nan,-nan
1777,3,-nan,-nan
1778,3,-nan,-nan
1779,3,-nan,-nan
1780,3,-nan,-nan
1781,3,-nan,-nan
1782,3,-nan,-nan
1783,3,-nan,-nan
1784,3,-nan,-nan
1785,3,-nan,-nan
1786,3,-nan,-nan
1787,3,-nan,-nan
1788,3,-nan,-nan
1789,3,-nan,-nan
1790,3,-nan,-nan
1791,3,-nan,-nan
1792,3,-nan,-nan
1793,3,-nan,-nan
1794,3,-nan,-nan
1795,3,-nan,-nan
1796,3,-nan,-nan
1797,3,-nan,-nan
1798,3,-nan,-nan
1799,3,-nan,-nan
1800,3,-nan,-nan
1801,3,-nan,-nan
1802,3,-nan,-nan
1803,3,-nan,-nan
1804,3,-nan,-nan
1805,3,-nan,-nan
1806,3,-nan,-nan
1807,3,-nan,-nan
1808,3,-nan,-nan
1809,3,-nan,-nan
1810,3,-nan,-nan
1811,3,-nan,-nan
1812,3,-nan,-nan
1813,3,-nan,-nan
1814,3,-nan,-nan
1815,3,-nan,-nan
1816,3,-nan,-nan
1817,3,-nan,-nan
1818,3,-nan,-nan
1819,3,-nan,-nan
1820,3,-nan,-nan
1821,3,-nan,-nan
1822,3,-nan,-nan
1823,3,-nan,-nan
1824,3,-nan,-nan
1825,3,-nan,-nan
1826,3,-nan,-nan
1827,3,-nan,-nan
1828,3,-nan,-nan
1829,3,-nan,-nan
1830,3,-nan,-nan
1831,3,-nan,-nan
1832,3,-nan,-nan
1833,3,-nan,-nan
1834,3,-nan,-nan
1835,3,-nan,-nan
1836,3,-nan,-nan
1837,3,-nan,-nan
1838,3,-nan,-nan
1839,3,-nan,-nan
1840,3,-nan,-nan
1841,3,-nan,-nan
1842,3,-nan,-nan
1843,3,-nan,-nan
1844,3,-nan,-nan
1845,3,-nan,-nan
1846,3,-nan,-nan
1847,3,-nan,-nan
1848,3,-nan,-nan
1849,3,-nan,-nan
1850,3,-nan,-nan
1851,3,-nan,-nan
1852,3,-nan,-nan
1853,3,-nan,-nan
1854,3,-nan,-nan
1855,3,-nan,-nan
1856,3,-nan,-nan
1857,3,-nan,-nan
1858,3,-nan,-nan
1859,3,-nan,-nan
1860,3,-nan,-nan
1861,3,-nan,-nan
1862,3,-nan,-nan
1863,3,-nan,-nan
1864,3,-nan,-nan
1865,3,-nan,-nan
1866,3,-nan,-nan
1867,3,-nan,-nan
1868,3,-nan,-nan
1869,3,-nan,-nan
1870,3,-nan,-nan
1871,3,-nan,-nan
1872,3,-nan,-nan
1873,3,-nan,-nan
1874,3,-nan,-nan
1875,3,-nan,-nan
1876,3,-nan,-nan
1877,3,-nan,-nan
1878,3,-nan,-nan
1879,3,-nan,-nan
1880,3,-nan,-nan
1881,3,-nan,-nan
1882,3,-nan,-nan
1883,3,-nan,-nan
1884,3,-nan,-nan
1885,3,-nan,-nan
1886,3,-nan,-nan
1887,3,-nan,-nan
1888,3,-nan,-nan
1889,3,-nan,-nan
1890,3,-nan,-nan
1891,3,-nan,-nan
1892,3,-nan,-nan
1893,3,-nan,-nan
1894,3,-nan,-nan
1895,3,-nan,-nan
1896,3,-nan,-nan
1897,3,-nan,-nan
1898,3,-nan,-nan
1899,3,-nan,-nan
1900,3,-nan,-nan
1901,3,-nan,-nan
1902,3,-nan,-nan
1903,3,-nan,-nan
1904,3,-nan,-nan
1905,3,-nan,-nan
1906,3,-nan,-nan
1907,3,-nan,-nan
1908,3,-nan,-nan
1909,3,-nan,-nan
1910,3,-nan,-nan
1911,3,-nan,-nan
1912,3,-nan,-nan
1913,3,-nan,-nan
1914,3,-nan,-nan
1915,3,-nan,-nan
1916,3,-nan,-nan
1917,3,-nan,-nan
1918,3,-nan,-nan
1919,3,-nan,-nan
1920,3,-nan,-nan
1921,3,-nan,-nan
1922,3,-nan,-nan
1923,3,-nan,-nan
1924,3,-nan,-nan
1925,3,-nan,-nan
1926,3,-nan,-nan
1927,3,-nan,-nan
1928,3,-nan,-nan
1929,3,-nan,-nan
1930,3,-nan,-nan
1931,3,-nan,-nan
1932,3,-nan,-nan
1933,3,-nan,-nan
1934,3,-nan,-nan
1935,3,-nan,-nan
1936,3,-nan,-nan
1937,3,-nan,-nan
1938,3,-nan,-nan
1939,3,-nan,-nan
1940,3,-nan,-nan
1941,3,-nan,-nan
1942,3,-nan,-nan
1943,3,-nan,-nan
1944,3,-nan,-nan
1945,3,-nan,-nan
1946,3,-nan,-nan
1947,3,-nan,-nan
1948,3,-nan,-nan
1949,3,-nan,-nan
1950,3,-nan,-nan
1951,3,-nan,-nan
1952,3,-nan,-nan
1953,3,-nan,-nan
1954,3,-nan,-nan
1955,3,-nan,-nan
1956,3,-nan,-nan
1957,3,-nan,-nan
1958,3,-nan,-nan
1959,3,-nan,-nan
1960,3,-nan,-nan
1961,3,-nan,-nan
1962,3,-nan,-nan
1963,3,-nan,-nan
1964,3,-nan,-nan
1965,3,-nan,-nan
1966,3,-nan,-nan
1967,3,-nan,-nan
1968,3,-nan,-nan
1969,3,-nan,-nan
1970,3,-nan,-nan
1971,3,-nan,-nan
1972,3,-nan,-nan
1973,3,-nan,-nan
1974,3,-nan,-nan
1975,3,-nan,-nan
1976,3,-nan,-nan
1977,3,-nan,-nan
1978,3,-nan,-nan
1979,3,-nan,-nan
1980,3,-nan,-nan
1981,3,-nan,-nan
1982,3,-nan,-nan
1983,3,-nan,-nan
1984,3,-nan,-nan
1985,3,-nan,-nan
1986,3,-nan,-nan
1987,3,-nan,-nan
1988,3,-nan,-nan
1989,3,-nan,-nan
1990,3,-nan,-nan
1991,3,-nan,-nan
1992,3,-nan,-nan
1993,3,-nan,-nan
1994,3,-nan,-nan
1995,3,-nan,-nan
1996,3,-nan,-nan
1997,3,-nan,-nan
1998,3,-nan,-nan
1999,3,-nan,-nan
2000,3,-nan,-nan
2001,3,-nan,-nan
2002,3,-nan,-nan
2003,3,-nan,-nan
2004,3,-nan,-nan
2005,3,-nan,-nan
2006,3,-nan,-nan
2007,3,-nan,-nan
2008,3,-nan,-nan
2009,3,-nan,-nan
2010,3,-nan,-nan
2011,3,-nan,-nan
2012,3,-nan,-nan
2013,3,-nan,-nan
2014,3,-nan,-nan
2015,3,-nan,-nan
2016,3,-nan,-nan
2017,3,-nan,-nan
2018,3,-nan,-nan
2019,3,-nan,-nan
2020,3,-nan,-nan
2021,3,-nan,-nan
2022,3,-nan,-nan
2023,3,-nan,-nan
2024,3,-nan,-nan
2025,3,-nan,-nan
2026,3,-nan,-nan
2027,3,-nan,-nan
2028,3,-nan,-nan
2029,3,-nan,-nan
2030,3,-nan,-nan
2031,3,-nan,-nan
2032,3,-nan,-nan
2033,3,-nan,-nan
2034,3,-nan,-nan
2035,3,-nan,-nan
2036,3,-nan,-nan
2037,3,-nan,-nan
2038,3,-nan,-nan
2039,3,-nan,-nan
2040,3,-nan,-nan
2041,3,-nan,-nan
2042,3,-nan,-nan
2043,3,-nan,-nan
2044,3,-nan,-nan
2045,3,-nan,-nan
2046,3,-nan,-nan
2047,3,-nan,-nan
2048,3,-nan,-nan
2049,3,-nan,-nan
2050,3,-nan,-nan
2051,3,-nan,-nan
2052,3,-nan,-nan
2053,3,-nan,-nan
2054,3,-nan,-nan
2055,3,-nan,-nan
2056,3,-nan,-nan
2057,3,-nan,-nan
2058,3,-nan,-nan
2059,3,-nan,-nan
2060,3,-nan,-nan
2061,3,-nan,-nan
2062,3,-nan,-nan
2063,3,-nan,-nan
2064,3,-nan,-nan
2065,3,-nan,-nan
2066,3,-nan,-nan
2067,3,-nan,-nan
2068,3,-nan,-nan
2069,3,-nan,-nan
2070,3,-nan,-nan
2071,3,-nan,-nan
2072,3,-nan,-nan
2073,3,-nan,-nan
2074,3,-nan,-nan
2075,3,-nan,-nan
2076,3,-nan,-nan
2077,3,-nan,-nan
2078,3,-nan,-nan
2079,3,-nan,-nan
2080,3,-nan,-nan
2081,3,-nan,-nan
2082,3,-nan,-nan
2083,3,-nan,-nan
2084,3,-nan,-nan
2085,3,-nan,-nan
2086,3,-nan,-nan
2087,3,-nan,-nan
2088,3,-nan,-nan
2089,3,-nan,-nan
2090,3,-nan,-nan
2091,3,-nan,-nan
2092,3,-nan,-nan
2093,3,-nan,-nan
2094,3,-nan,-nan
2095,3,-nan,-nan
2096,3,-nan,-nan
2097,3,-nan,-nan
2098,3,-nan,-nan
2099,3,-nan,-nan
2100,3,-nan,-nan
2101,3,-nan,-nan
2102,3,-nan,-nan
2103,3,-nan,-nan
2104,3,-nan,-nan
2105,3,-nan,-nan
2106,3,-nan,-nan
2107,3,-nan,-nan
2108,3,-nan,-nan
2109,3,-nan,-nan
2110,3,-nan,-nan
2111,3,-nan,-nan
2112,3,-nan,-nan
2113,3,-nan,-nan
2114,3,-nan,-nan
2115,3,-nan,-nan
2116,3,-nan,-nan
2117,3,-nan,-nan
2118,3,-nan,-nan
2119,3,-nan,-nan
2120,3,-nan,-nan
2121,3,-nan,-nan
2122,3,-nan,-nan
2123,3,-nan,-nan
2124,3,-nan,-nan
2125,3,-nan,-nan
2126,3,-nan,-nan
2127,3,-nan,-nan
2128,3,-nan,-nan
2129,3,-nan,-nan
2130,3,-nan,-nan
2131,3,-nan,-nan
2132,3,-nan,-nan
2133,3,-nan,-nan
2134,3,-nan,-nan
2135,3,-nan,-nan
2136,3,-nan,-nan
2137,3,-nan,-nan
2138,3,-nan,-nan
2139,3,-nan,-nan
2140,3,-nan,-nan
2141,3,-nan,-nan
2142,3,-nan,-nan
2143,3,-nan,-nan
2144,3,-nan,-nan
2145,3,-nan,-nan
2146,3,-nan,-nan
2147,3,-nan,-nan
2148,3,-nan,-nan
2149,3,-nan,-nan
2150,3,-nan,-nan
2151,3,-nan,-nan
2152,3,-nan,-nan
2153,3,-nan,-nan
2154,3,-nan,-nan
2155,3,-nan,-nan
2156,3,-nan,-nan
2157,3,-nan,-nan
2158,3,-nan,-nan
2159,3,-nan,-nan
2160,3,-nan,-nan
2161,3,-nan,-nan
2162,3,-nan,-nan
2163,3,-nan,-nan
2164,3,-nan,-nan
2165,3,-nan,-nan
2166,3,-nan,-nan
2167,3,-nan,-nan
2168,3,-nan,-nan
2169,3,-nan,-nan
2170,3,-nan,-nan
2171,3,-nan,-nan
2172,3,-nan,-nan
2173,3,-nan,-nan
2174,3,-nan,-nan
2175,3,-nan,-nan
2176,3,-nan,-nan
2177,3,-nan,-nan
2178,3,-nan,-nan
2179,3,-nan,-nan
2180,3,-nan,-nan
2181,3,-nan,-nan
2182,3,-nan,-nan
2183,3,-nan,-nan
2184,3,-nan,-nan
2185,3,-nan,-nan
2186,3,-nan,-nan
2187,3,-nan,-nan
2188,3,-nan,-nan
2189,3,-nan,-nan
2190,3,-nan,-nan
2191,3,-nan,-nan
2192,3,-nan,-nan
2193,3,-nan,-nan
2194,3,-nan,-nan
2195,3,-nan,-nan
2196,3,-nan,-nan
2197,3,-nan,-nan
2198,3,-nan,-nan
2199,3,-nan,-nan
2200,3,-nan,-nan
2201,3,-nan,-nan
2202,3,-nan,-nan
2203,3,-nan,-nan
2204,3,-nan,-nan
2205,3,-nan,-nan
2206,3,-nan,-nan
2207,3,-nan,-nan
2208,3,-nan,-nan
2209,3,-nan,-nan
2210,3,-nan,-nan
2211,3,-nan,-nan
2212,3,-nan,-nan
2213,3,-nan,-nan
2214,3,-nan,-nan
2215,3,-nan,-nan
2216,3,-nan,-nan
2217,3,-nan,-nan
2218,3,-nan,-nan
2219,3,-nan,-nan
2220,3,-nan,-nan
2221,3,-nan,-nan
2222,3,-nan,-nan
2223,3,-nan,-nan
2224,3,-nan,-nan
2225,3,-nan,-nan
2226,3,-nan,-nan
2227,3,-nan,-nan
2228,3,-nan,-nan
2229,3,-nan,-nan
2230,3,-nan,-nan
2231,3,-nan,-nan
2232,3,-nan,-nan
2233,3,-nan,-nan
2234,3,-nan,-nan
2235,3,-nan,-nan
2236,3,-nan,-nan
2237,3,-nan,-nan
2238,3,-nan,-nan
2239,3,-nan,-nan
2240,3,-nan,-nan
2241,3,-nan,-nan
2242,3,-nan,-nan
2243,3,-nan,-nan
2244,3,-nan,-nan
2245,3,-nan,-nan
2246,3,-nan,-nan
2247,3,-nan,-nan
2248,3,-nan,-nan
2249,3,-nan,-nan
2250,3,-nan,-nan
2251,3,-nan,-nan
2252,3,-nan,-nan
2253,3,-nan,-nan
2254,3,-nan,-nan
2255,3,-nan,-nan
2256,3,-nan,-nan
2257,3,-nan,-nan
2258,3,-nan,-nan
2259,3,-nan,-nan
2260,3,-nan,-nan
2261,3,-nan,-nan
2262,3,-nan,-nan
2263,3,-nan,-nan
2264,3,-nan,-nan
2265,3,-nan,-nan
2266,3,-nan,-nan
2267,3,-nan,-nan
2268,3,-nan,-nan
2269,3,-nan,-nan
2270,3,-nan,-nan
2271,3,-nan,-nan
2272,3,-nan,-nan
2273,3,-nan,-nan
2274,3,-nan,-nan
2275,3,-nan,-nan
2276,3,-nan,-nan
2277,3,-nan,-nan
2278,3,-nan,-nan
2279,3,-nan,-nan
2280,3,-nan,-nan
2281,3,-nan,-nan
2282,3,-nan,-nan
2283,3,-nan,-nan
2284,3,-nan,-nan
2285,3,-nan,-nan
2286,3,-nan,-nan
2287,3,-nan,-nan
2288,3,-nan,-nan
2289,3,-nan,-nan
2290,3,-nan,-nan
2291,3,-nan,-nan
2292,3,-nan,-nan
2293,3,-nan,-nan
2294,3,-nan,-nan
2295,3,-nan,-nan
2296,3,-nan,-nan
2297,3,-nan,-nan
2298,3,-nan,-nan
2299,3,-nan,-nan
2300,3,-nan,-nan
2301,3,-nan,-nan
2302,3,-nan,-nan
2303,3,-nan,-nan
2304,3,-nan,-nan
2305,3,-nan,-nan
2306,3,-nan,-nan
2307,3,-nan,-nan
2308,3,-nan,-nan
2309,3,-nan,-nan
2310,3,-nan,-nan
2311,3,-nan,-nan
2312,3,-nan,-nan
2313,3,-nan,-nan
2314,3,-nan,-nan
2315,3,-nan,-nan
2316,3,-nan,-nan
2317,3,-nan,-nan
2318,3,-nan,-nan
2319,3,-nan,-nan
2320,3,-nan,-nan
2321,3,-nan,-nan
2322,3,-nan,-nan
2323,3,-nan,-nan
2324,3,-nan,-nan
2325,3,-nan,-nan
2326,3,-nan,-nan
2327,3,-nan,-nan
2328,3,-nan,-nan
2329,3,-nan,-nan
2330,3,-nan,-nan
2331,3,-nan,-nan
2332,3,-nan,-nan
2333,3,-nan,-nan
2334,3,-nan,-nan
2335,3,-nan,-nan
2336,3,-nan,-nan
2337,3,-nan,-nan
2338,3,-nan,-nan
2339,3,-nan,-nan
2340,3,-nan,-nan
2341,3,-nan,-nan
2342,3,-nan,-nan
2343,3,-nan,-nan
2344,3,-nan,-nan
2345,3,-nan,-nan
2346,3,-nan,-nan
2347,3,-nan,-nan
2348,3,-nan,-nan
2349,3,-nan,-nan
2350,3,-nan,-nan
2351,3,-nan,-nan
2352,3,-nan,-nan
2353,3,-nan,-nan
2354,3,-nan,-nan
2355,3,-nan,-nan
2356,3,-nan,-nan
2357,3,-nan,-nan
2358,3,-nan,-nan
2359,3,-nan,-nan
2360,3,-nan,-nan
2361,3,-nan,-nan
2362,3,-nan,-nan
2363,3,-nan,-nan
2364,3,-nan,-nan
2365,3,-nan,-nan
2366,3,-nan,-nan
2367,3,-nan,-nan
2368,3,-nan,-nan
2369,3,-nan,-nan
2370,3,-nan,-nan
2371,3,-nan,-nan
2372,3,-nan,-nan
2373,3,-nan,-nan
2374,3,-nan,-nan
2375,3,-nan,-nan
2376,3,-nan,-nan
2377,3,-nan,-nan
2378,3,-nan,-nan
2379,3,-nan,-nan
2380,3,-nan,-nan
2381,3,-nan,-nan
2382,3,-nan,-nan
2383,3,-nan,-nan
2384,3,-nan,-nan
2385,3,-nan,-nan
2386,3,-nan,-nan
2387,3,-nan,-nan
2388,3,-nan,-nan
2389,3,-nan,-nan
2390,3,-nan,-nan
2391,3,-nan,-nan
2392,3,-nan,-nan
2393,3,-nan,-nan
2394,3,-nan,-nan
2395,3,-nan,-nan
2396,3,-nan,-nan
2397,3,-nan,-nan
2398,3,-nan,-nan
2399,3,-nan,-nan
2400,3,-nan,-nan
2401,3,-nan,-nan
2402,3,-nan,-nan
2403,3,-nan,-nan
2404,3,-nan,-nan
2405,3,-nan,-nan
2406,3,-nan,-nan
2407,3,-nan,-nan
2408,3,-nan,-nan
2409,3,-nan,-nan
2410,3,-nan,-nan
2411,3,-nan,-nan
2412,3,-nan,-nan
2413,3,-nan,-nan
2414,3,-nan,-nan
2415,3,-nan,-nan
2416,3,-nan,-nan
2417,3,-nan,-nan
2418,3,-nan,-nan
2419,3,-nan,-nan
2420,3,-nan,-nan
2421,3,-nan,-nan
2422,3,-nan,-nan
2423,3,-nan,-nan
2424,3,-nan,-nan
2425,3,-nan,-nan
2426,3,-nan,-nan
2427,3,-nan,-nan
2428,3,-nan,-nan
2429,3,-nan,-nan
2430,3,-nan,-nan
2431,3,-nan,-nan
2432,3,-nan,-nan
2433,3,-nan,-nan
2434,3,-nan,-nan
2435,3,-nan,-nan
2436,3,-nan,-nan
2437,3,-nan,-nan
2438,3,-nan,-nan
2439,3,-nan,-nan
2440,3,-nan,-nan
2441,3,-nan,-nan
2442,3,-nan,-nan
2443,3,-nan,-nan
2444,3,-nan,-nan
2445,3,-nan,-nan
2446,3,-nan,-nan
2447,3,-nan,-nan
2448,3,-nan,-nan
2449,3,-nan,-nan
2450,3,-nan,-nan
2451,3,-nan,-nan
2452,3,-nan,-nan
2453,3,-nan,-nan
2454,3,-nan,-nan
2455,3,-nan,-nan
2456,3,-nan,-nan
2457,3,-nan,-nan
2458,3,-nan,-nan
2459,3,-nan,-nan
2460,3,-nan,-nan
2461,3,-nan,-nan
2462,3,-nan,-nan
2463,3,-nan,-nan
2464,3,-nan,-nan
2465,3,-nan,-nan
2466,3,-nan,-nan
2467,3,-nan,-nan
2468,3,-nan,-nan
2469,3,-nan,-nan
2470,3,-nan,-nan
2471,3,-nan,-nan
2472,3,-nan,-nan
2473,3,-nan,-nan
2474,3,-nan,-nan
2475,3,-nan,-nan
2476,3,-nan,-nan
2477,3,-nan,-nan
2478,3,-nan,-nan
2479,3,-nan,-nan
2480,3,-nan,-nan
2481,3,-nan,-nan
2482,3,-nan,-nan
2483,3,-nan,-nan
2484,3,-nan,-nan
2485,3,-nan,-nan
2486,3,-nan,-nan
2487,3,-nan,-nan
2488,3,-nan,-nan
2489,3,-nan,-nan
2490,3,-nan,-nan
2491,3,-nan,-nan
2492,3,-nan,-nan
2493,3,-nan,-nan
2494,3,-nan,-nan
2495,3,-nan,-nan
2496,3,-nan,-nan
2497,3,-nan,-nan
2498,3,-nan,-nan
2499,3,-nan,-nan
2500,3,-nan,-nan
2501,3,-nan,-nan
2502,3,-nan,-nan
2503,3,-nan,-nan
2504,3,-nan,-nan
2505,3,-nan,-nan
2506,3,-nan,-nan
2507,3,-nan,-nan
2508,3,-nan,-nan
2509,3,-nan,-nan
2510,3,-nan,-nan
2511,3,-nan,-nan
2512,3,-nan,-nan
2513,3,-nan,-nan
2514,3,-nan,-nan
2515,3,-nan,-nan
2516,3,-nan,-nan
2517,3,-nan,-nan
2518,3,-nan,-nan
2519,3,-nan,-nan
2520,3,-nan,-nan
2521,3,-nan,-nan
2522,3,-nan,-nan
2523,3,-nan,-nan
2524,3,-nan,-nan
2525,3,-nan,-nan
2526,3,-nan,-nan
2527,3,-nan,-nan
2528,3,-nan,-nan
2529,3,-nan,-nan
2530,3,-nan,-nan
2531,3,-nan,-nan
2532,3,-nan,-nan
2533,3,-nan,-nan
2534,3,-nan,-nan
2535,3,-nan,-nan
2536,3,-nan,-nan
2537,3,-nan,-nan
2538,3,-nan,-nan
2539,3,-nan,-nan
2540,3,-nan,-nan
2541,3,-nan,-nan
2542,3,-nan,-nan
2543,3,-nan,-nan
2544,3,-nan,-nan
2545,3,-nan,-nan
2546,3,-nan,-nan
2547,3,-nan,-nan
2548,3,-nan,-nan
2549,3,-nan,-nan
2550,3,-nan,-nan
2551,3,-nan,-nan
2552,3,-nan,-nan
2553,3,-nan,-nan
2554,3,-nan,-nan
2555,3,-nan,-nan
2556,3,-nan,-nan
2557,3,-nan,-nan
2558,3,-nan,-nan
2559,3,-nan,-nan
2560,3,-nan,-nan
2561,3,-nan,-nan
2562,3,-nan,-nan
2563,3,-nan,-nan
2564,3,-nan,-nan
2565,3,-nan,-nan
2566,3,-nan,-nan
2567,3,-nan,-nan
2568,3,-nan,-nan
2569,3,-nan,-nan
2570,3,-nan,-nan
2571,3,-nan,-nan
2572,3,-nan,-nan
2573,3,-nan,-nan
2574,3,-nan,-nan
2575,3,-nan,-nan
2576,3,-nan,-nan
2577,3,-nan,-nan
2578,3,-nan,-nan
2579,3,-nan,-nan
2580,3,-nan,-nan
2581,3,-nan,-nan
2582,3,-nan,-nan
2583,3,-nan,-nan
2584,3,-nan,-nan
2585,3,-nan,-nan
2586,3,-nan,-nan
2587,3,-nan,-nan
2588,3,-nan,-nan
2589,3,-nan,-nan
2590,3,-nan,-nan
2591,3,-nan,-nan
2592,3,-nan,-nan
2593,3,-nan,-nan
2594,3,-nan,-nan
2595,3,-nan,-nan
2596,3,-nan,-nan
2597,3,-nan,-nan
2598,3,-nan,-nan
2599,3,-nan,-nan
2600,3,-nan,-nan
2601,3,-nan,-nan
2602,3,-nan,-nan
2603,3,-nan,-nan
2604,3,-nan,-nan
2605,3,-nan,-nan
2606,3,-nan,-nan
2607,3,-nan,-nan
2608,3,-nan,-nan
2609,3,-nan,-nan
2610,3,-nan,-nan
2611,3,-nan,-nan
2612,3,-nan,-nan
2613,3,-nan,-nan
2614,3,-nan,-nan
2615,3,-nan,-nan
2616,3,-nan,-nan
2617,3,-nan,-nan
2618,3,-nan,-nan
2619,3,-nan,-nan
2620,3,-nan,-nan
2621,3,-nan,-nan
2622,3,-nan,-nan
2623,3,-nan,-nan
2624,3,-nan,-nan
2625,3,-nan,-nan
2626,3,-nan,-nan
2627,3,-nan,-nan
2628,3,-nan,-nan
2629,3,-nan,-nan
2630,3,-nan,-nan
2631,3,-nan,-nan
2632,3,-nan,-nan
2633,3,-nan,-nan
2634,3,-nan,-nan
2635,3,-nan,-nan
2636,3,-nan,-nan
2637,3,-nan,-nan
2638,3,-nan,-nan
2639,3,-nan,-nan
2640,3,-nan,-nan
2641,3,-nan,-nan
2642,3,-nan,-nan
2643,3,-nan,-nan
2644,3,-nan,-nan
2645,3,-nan,-nan
2646,3,-nan,-nan
2647,3,-nan,-nan
2648,3,-nan,-nan
2649,3,-nan,-nan
2650,3,-nan,-nan
2651,3,-nan,-nan
2652,3,-nan,-nan
2653,3,-nan,-nan
2654,3,-nan,-nan
2655,3,-nan,-nan
2656,3,-nan,-nan
2657,3,-nan,-nan
2658,3,-nan,-nan
2659,3,-nan,-nan
2660,3,-nan,-nan
2661,3,-nan,-nan
2662,3,-nan,-nan
2663,3,-nan,-nan
2664,3,-nan,-nan
2665,3,-nan,-nan
2666,3,-nan,-nan
2667,3,-nan,-nan
2668,3,-nan,-nan
2669,3,-nan,-nan
2670,3,-nan,-nan
2671,3,-nan,-nan
2672,3,-nan,-nan
2673,3,-nan,-nan
2674,3,-nan,-nan
2675,3,-nan,-nan
2676,3,-nan,-nan
2677,3,-nan,-nan
2678,3,-nan,-nan
2679,3,-nan,-nan
2680,3,-nan,-nan
2681,3,-nan,-nan
2682,3,-nan,-nan
2683,3,-nan,-nan
2684,3,-nan,-nan
2685,3,-nan,-nan
2686,3,-nan,-nan
2687,3,-nan,-nan
2688,3,-nan,-nan
2689,3,-nan,-nan
2690,3,-nan,-nan
2691,3,-nan,-nan
2692,3,-nan,-nan
2693,3,-nan,-nan
2694,3,-nan,-nan
2695,3,-nan,-nan
2696,3,-nan,-nan
2697,3,-nan,-nan
2698,3,-nan,-nan
2699,3,-nan,-nan
2700,3,-nan,-nan
2701,3,-nan,-nan
2702,3,-nan,-nan
2703,3,-nan,-nan
2704,3,-nan,-nan
2705,3,-nan,-nan
2706,3,-nan,-nan
2707,3,-nan,-nan
2708,3,-nan,-nan
2709,3,-nan,-nan
2710,3,-nan,-nan
2711,3,-nan,-nan
2712,3,-nan,-nan
2713,3,-nan,-nan
2714,3,-nan,-nan
2715,3,-nan,-nan
2716,3,-nan,-nan
2717,3,-nan,-nan
2718,3,-nan,-nan
2719,3,-nan,-nan
2720,3,-nan,-nan
2721,3,-nan,-nan
2722,3,-nan,-nan
2723,3,-nan,-nan
2724,3,-nan,-nan
2725,3,-nan,-nan
2726,3,-nan,-nan
2727,3,-nan,-nan
2728,3,-nan,-nan
2729,3,-nan,-nan
2730,3,-nan,-nan
2731,3,-nan,-nan
2732,3,-nan,-nan
2733,3,-nan,-nan
2734,3,-nan,-nan
2735,3,-nan,-nan
2736,3,-nan,-nan
2737,3,-nan,-nan
2738,3,-nan,-nan
2739,3,-nan,-nan
2740,3,-nan,-nan
2741,3,-nan,-nan
2742,3,-nan,-nan
2743,3,-nan,-nan
2744,3,-nan,-nan
2745,3,-nan,-nan
2746,3,-nan,-nan
2747,3,-nan,-nan
2748,3,-nan,-nan
2749,3,-nan,-nan
2750,3,-nan,-nan
2751,3,-nan,-nan
2752,3,-nan,-nan
2753,3,-nan,-nan
2754,3,-nan,-nan
2755,3,-nan,-nan
2756,3,-nan,-nan
2757,3,-nan,-nan
2758,3,-nan,-nan
2759,3,-nan,-nan
2760,3,-nan,-nan
2761,3,-nan,-nan
2762,3,-nan,-nan
2763,3,-nan,-nan
2764,3,-nan,-nan
2765,3,-nan,-nan
2766,3,-nan,-nan
2767,3,-nan,-nan
2768,3,-nan,-nan
2769,3,-nan,-nan
2770,3,-nan,-nan
2771,3,-nan,-nan
2772,3,-nan,-nan
2773,3,-nan,-nan
2774,3,-nan,-nan
2775,3,-nan,-nan
2776,3,-nan,-nan
2777,3,-nan,-nan
2778,3,-nan,-nan
2779,3,-nan,-nan
2780,3,-nan,-nan
2781,3,-nan,-nan
2782,3,-nan,-nan
2783,3,-nan,-nan
2784,3,-nan,-nan
2785,3,-nan,-nan
2786,3,-nan,-nan
2787,3,-nan,-nan
2788,3,-nan,-nan
2789,3,-nan,-nan
2790,3,-nan,-nan
2791,3,-nan,-nan
2792,3,-nan,-nan
2793,3,-nan,-nan
2794,3,-nan,-nan
2795,3,-nan,-nan
2796,3,-nan,-nan
2797,3,-nan,-nan
2798,3,-nan,-nan
2799,3,-nan,-nan
2800,3,-nan,-nan
2801,3,-nan,-nan
2802,3,-nan,-nan
2803,3,-nan,-nan
2804,3,-nan,-nan
2805,3,-nan,-nan
2806,3,-nan,-nan
2807,3,-nan,-nan
2808,3,-nan,-nan
2809,3,-nan,-nan
2810,3,-nan,-nan
2811,3,-nan,-nan
2812,3,-nan,-nan
2813,3,-nan,-nan
2814,3,-nan,-nan
2815,3,-nan,-nan
2816,3,-nan,-nan
2817,3,-nan,-nan
2818,3,-nan,-nan
2819,3,-nan,-nan
2820,3,-nan,-nan
2821,3,-nan,-nan
2822,3,-nan,-nan
2823,3,-nan,-nan
2824,3,-nan,-nan
2825,3,-nan,-nan
2826,3,-nan,-nan
2827,3,-nan,-nan
2828,3,-nan,-nan
2829,3,-nan,-nan
2830,3,-nan,-nan
2831,3,-nan,-nan
2832,3,-nan,-nan
2833,3,-nan,-nan
2834,3,-nan,-nan
2835,3,-nan,-nan
2836,3,-nan,-nan
2837,3,-nan,-nan
2838,3,-nan,-nan
2839,3,-nan,-nan
2840,3,-nan,-nan
2841,3,-nan,-nan
2842,3,-nan,-nan
2843,3,-nan,-nan
2844,3,-nan,-nan
2845,3,-nan,-nan
2846,3,-nan,-nan
2847,3,-nan,-nan
2848,3,-nan,-nan
2849,3,-nan,-nan
2850,3,-nan,-nan
2851,3,-nan,-nan
2852,3,-nan,-nan
2853,3,-nan,-nan
2854,3,-nan,-nan
2855,3,-nan,-nan
2856,3,-nan,-nan
2857,3,-nan,-nan
2858,3,-nan,-nan
2859,3,-nan,-nan
2860,3,-nan,-nan
2861,3,-nan,-nan
2862,3,-nan,-nan
2863,3,-nan,-nan
2864,3,-nan,-nan
2865,3,-nan,-nan
2866,3,-nan,-nan
2867,3,-nan,-nan
2868,3,-nan,-nan
2869,3,-nan,-nan
2870,3,-nan,-nan
2871,3,-nan,-nan
2872,3,-nan,-nan
2873,3,-nan,-nan
2874,3,-nan,-nan
2875,3,-nan,-nan
2876,3,-nan,-nan
2877,3,-nan,-nan
2878,3,-nan,-nan
2879,3,-nan,-nan
2880,3,-nan,-nan
2881,3,-nan,-nan
2882,3,-nan,-nan
2883,3,-nan,-nan
2884,3,-nan,-nan
2885,3,-nan,-nan
2886,3,-nan,-nan
2887,3,-nan,-nan
2888,3,-nan,-nan
2889,3,-nan,-nan
2890,3,-nan,-nan
2891,3,-nan,-nan
2892,3,-nan,-nan
2893,3,-nan,-nan
2894,3,-nan,-nan
2895,3,-nan,-nan
2896,3,-nan,-nan
2897,3,-nan,-nan
2898,3,-nan,-nan
2899,3,-nan,-nan
2900,3,-nan,-nan
2901,3,-nan,-nan
2902,3,-nan,-nan
2903,3,-nan,-nan
2904,3,-nan,-nan
2905,3,-nan,-nan
2906,3,-nan,-nan
2907,3,-nan,-nan
2908,3,-nan,-nan
2909,3,-nan,-nan
2910,3,-nan,-nan
2911,3,-nan,-nan
2912,3,-nan,-nan
2913,3,-nan,-nan
2914,3,-nan,-nan
2915,3,-nan,-nan
2916,3,-nan,-nan
2917,3,-nan,-nan
2918,3,-nan,-nan
2919,3,-nan,-nan
2920,3,-nan,-nan
2921,3,-nan,-nan
2922,3,-nan,-nan
2923,3,-nan,-nan
2924,3,-nan,-nan
2925,3,-nan,-nan
2926,3,-nan,-nan
2927,3,-nan,-nan
2928,3,-nan,-nan
2929,3,-nan,-nan
2930,3,-nan,-nan
2931,3,-nan,-nan
2932,3,-nan,-nan
2933,3,-nan,-nan
2934,3,-nan,-nan
2935,3,-nan,-nan
2936,3,-nan,-nan
2937,3,-nan,-nan
2938,3,-nan,-nan
2939,3,-nan,-nan
2940,3,-nan,-nan
2941,3,-nan,-nan
2942,3,-nan,-nan
2943,3,-nan,-nan
2944,3,-nan,-nan
2945,3,-nan,-nan
2946,3,-nan,-nan
2947,3,-nan,-nan
2948,3,-nan,-nan
2949,3,-nan,-nan
2950,3,-nan,-nan
2951,3,-nan,-nan
2952,3,-nan,-nan
2953,3,-nan,-nan
2954,3,-nan,-nan
2955,3,-nan,-nan
2956,3,-nan,-nan
2957,3,-nan,-nan
2958,3,-nan,-nan
2959,3,-nan,-nan
2960,3,-nan,-nan
2961,3,-nan,-nan
2962,3,-nan,-nan
2963,3,-nan,-nan
2964,3,-nan,-nan
2965,3,-nan,-nan
2966,3,-nan,-nan
2967,3,-nan,-nan
2968,3,-nan,-nan
2969,3,-nan,-nan
2970,3,-nan,-nan
2971,3,-nan,-nan
2972,3,-nan,-nan
2973,3,-nan,-nan
2974,3,-nan,-nan
2975,3,-nan,-nan
2976,3,-nan,-nan
2977,3,-nan,-nan
2978,3,-nan,-nan
2979,3,-nan,-nan
2980,3,-nan,-nan
2981,3,-nan,-nan
2982,3,-nan,-nan
2983,3,-nan,-nan
2984,3,-nan,-nan
2985,3,-nan,-nan
2986,3,-nan,-nan
2987,3,-nan,-nan
2988,3,-nan,-nan
2989,3,-nan,-nan
2990,3,-nan,-nan
2991,3,-nan,-nan
2992,3,-nan,-nan
2993,3,-nan,-nan
2994,3,-nan,-nan
2995,3,-nan,-nan
2996,3,-nan,-nan
2997,3,-nan,-nan
2998,3,-nan,-nan
2999,3,-nan,-nan
3000,3,-nan,-nan
3001,3,-nan,-nan
3002,3,-nan,-nan
3003,3,-nan,-nan
3004,3,-nan,-nan
3005,3,-nan,-nan
3006,3,-nan,-nan
3007,3,-nan,-nan
3008,3,-nan,-nan
3009,3,-nan,-nan
3010,3,-nan,-nan
3011,3,-nan,-nan
3012,3,-nan,-nan
3013,3,-nan,-nan
3014,3,-nan,-nan
3015,3,-nan,-nan
3016,3,-nan,-nan
3017,3,-nan,-nan
3018,3,-nan,-nan
3019,3,-nan,-nan
3020,3,-nan,-nan
3021,3,-nan,-nan
3022,3,-nan,-nan
3023,3,-nan,-nan
3024,3,-nan,-nan
3025,3,-nan,-nan
3026,3,-nan,-nan
3027,3,-nan,-nan
3028,3,-nan,-nan
3029,3,-nan,-nan
3030,3,-nan,-nan
3031,3,-nan,-nan
3032,3,-nan,-nan
3033,3,-nan,-nan
3034,3,-nan,-nan
3035,3,-nan,-nan
3036,3,-nan,-nan
3037,3,-nan,-nan
3038,3,-nan,-nan
3039,3,-nan,-nan
3040,3,-nan,-nan
3041,3,-nan,-nan
3042,3,-nan,-nan
3043,3,-nan,-nan
3044,3,-nan,-nan
3045,3,-nan,-nan
3046,3,-nan,-nan
3047,3,-nan,-nan
3048,3,-nan,-nan
3049,3,-nan,-nan
3050,3,-nan,-nan
3051,3,-nan,-nan
3052,3,-nan,-nan
3053,3,-nan,-nan
3054,3,-nan,-nan
3055,3,-nan,-nan
3056,3,-nan,-nan
3057,3,-nan,-nan
3058,3,-nan,-nan
3059,3,-nan,-nan
3060,3,-nan,-nan
3061,3,-nan,-nan
3062,3,-nan,-nan
3063,3,-nan,-nan
3064,3,-nan,-nan
3065,3,-nan,-nan
3066,3,-nan,-nan
3067,3,-nan,-nan
3068,3,-nan,-nan
3069,3,-nan,-nan
3070,3,-nan,-nan
3071,3,-nan,-nan
3072,3,-nan,-nan
3073,3,-nan,-nan
3074,3,-nan,-nan
3075,3,-nan,-nan
3076,3,-nan,-nan
3077,3,-nan,-nan
3078,3,-nan,-nan
3079,3,-nan,-nan
3080,3,-nan,-nan
3081,3,-nan,-nan
3082,3,-nan,-nan
3083,3,-nan,-nan
3084,3,-nan,-nan
3085,3,-nan,-nan
3086,3,-nan,-nan
3087,3,-nan,-nan
3088,3,-nan,-nan
3089,3,-nan,-nan
3090,3,-nan,-nan
3091,3,-nan,-nan
3092,3,-nan,-nan
3093,3,-nan,-nan
3094,3,-nan,-nan
3095,3,-nan,-nan
3096,3,-nan,-nan
3097,3,-nan,-nan
3098,3,-nan,-nan
3099,3,-nan,-nan
3100,3,-nan,-nan
3101,3,-nan,-nan
3102,3,-nan,-nan
3103,3,-nan,-nan
3104,3,-nan,-nan
3105,3,-nan,-nan
3106,3,-nan,-nan
3107,3,-nan,-nan
3108,3,-nan,-nan
3109,3,-nan,-nan
3110,3,-nan,-nan
3111,3,-nan,-nan
3112,3,-nan,-nan
3113,3,-nan,-nan
3114,3,-nan,-nan
3115,3,-nan,-nan
3116,3,-nan,-nan
3117,3,-nan,-nan
3118,3,-nan,-nan
3119,3,-nan,-nan
3120,3,-nan,-nan
3121,3,-nan,-nan
3122,3,-nan,-nan
3123,3,-nan,-nan
3124,3,-nan,-nan
3125,3,-nan,-nan
3126,3,-nan,-nan
3127,3,-nan,-nan
3128,3,-nan,-nan
3129,3,-nan,-nan
3130,3,-nan,-nan
3131,3,-nan,-nan
3132,3,-nan,-nan
3133,3,-nan,-nan
3134,3,-nan,-nan
3135,3,-nan,-nan
3136,3,-nan,-nan
3137,3,-nan,-nan
3138,3,-nan,-nan
3139,3,-nan,-nan
3140,3,-nan,-nan
3141,3,-nan,-nan
3142,3,-nan,-nan
3143,3,-nan,-nan
3144,3,-nan,-nan
3145,3,-nan,-nan
3146,3,-nan,-nan
3147,3,-nan,-nan
3148,3,-nan,-nan
3149,3,-nan,-nan
3150,3,-nan,-nan
3151,3,-nan,-nan
3152,3,-nan,-nan
3153,3,-nan,-nan
3154,3,-nan,-nan
3155,3,-nan,-nan
3156,3,-nan,-nan
3157,3,-nan,-nan
3158,3,-nan,-nan
3159,3,-nan,-nan
3160,3,-nan,-nan
3161,3,-nan,-nan
3162,3,-nan,-nan
3163,3,-nan,-nan
3164,3,-nan,-nan
3165,3,-nan,-nan
3166,3,-nan,-nan
3167,3,-nan,-nan
3168,3,-nan,-nan
3169,3,-nan,-nan
3170,3,-nan,-nan
3171,3,-nan,-nan
3172,3,-nan,-nan
3173,3,-nan,-nan
3174,3,-nan,-nan
3175,3,-nan,-nan
3176,3,-nan,-nan
3177,3,-nan,-nan
3178,3,-nan,-nan
3179,3,-nan,-nan
3180,3,-nan,-nan
3181,3,-nan,-nan
3182,3,-nan,-nan
3183,3,-nan,-nan
3184,3,-nan,-nan
3185,3,-nan,-nan
3186,3,-nan,-nan
3187,3,-nan,-nan
3188,3,-nan,-nan
3189,3,-nan,-nan
3190,3,-nan,-nan
3191,3,-nan,-nan
3192,3,-nan,-nan
3193,3,-nan,-nan
3194,3,-nan,-nan
3195,3,-nan,-nan
3196,3,-nan,-nan
3197,3,-nan,-nan
3198,3,-nan,-nan
3199,3,-nan,-nan
3200,3,-nan,-nan
3201,3,-nan,-nan
3202,3,-nan,-nan
3203,3,-nan,-nan
3204,3,-nan,-nan
3205,3,-nan,-nan
3206,3,-nan,-nan
3207,3,-nan,-nan
3208,3,-nan,-nan
3209,3,-nan,-nan
3210,3,-nan,-nan
3211,3,-nan,-nan
3212,3,-nan,-nan
3213,3,-nan,-nan
3214,3,-nan,-nan
3215,3,-nan,-nan
3216,3,-nan,-nan
3217,3,-nan,-nan
3218,3,-nan,-nan
3219,3,-nan,-nan
3220,3,-nan,-nan
3221,3,-nan,-nan
3222,3,-nan,-nan
3223,3,-nan,-nan
3224,3,-nan,-nan
3225,3,-nan,-nan
3226,3,-nan,-nan
3227,3,-nan,-nan
3228,3,-nan,-nan
3229,3,-nan,-nan
3230,3,-nan,-nan
3231,3,-nan,-nan
3232,3,-nan,-nan
3233,3,-nan,-nan
3234,3,-nan,-nan
3235,3,-nan,-nan
3236,3,-nan,-nan
3237,3,-nan,-nan
3238,3,-nan,-nan
3239,3,-nan,-nan
3240,3,-nan,-nan
3241,3,-nan,-nan
3242,3,-nan,-nan
3243,3,-nan,-nan
3244,3,-nan,-nan
3245,3,-nan,-nan
3246,3,-nan,-nan
3247,3,-nan,-nan
3248,3,-nan,-nan
3249,3,-nan,-nan
3250,3,-nan,-nan
3251,3,-nan,-nan
3252,3,-nan,-nan
3253,3,-nan,-nan
3254,3,-nan,-nan
3255,3,-nan,-nan
3256,3,-nan,-nan
3257,3,-nan,-nan
3258,3,-nan,-nan
3259,3,-nan,-nan
3260,3,-nan,-nan
3261,3,-nan,-nan
3262,3,-nan,-nan
3263,3,-nan,-nan
3264,3,-nan,-nan
3265,3,-nan,-nan
3266,3,-nan,-nan
3267,3,-nan,-nan
3268,3,-nan,-nan
3269,3,-nan,-nan
3270,3,-nan,-nan
3271,3,-nan,-nan
3272,3,-nan,-nan
3273,3,-nan,-nan
3274,3,-nan,-nan
3275,3,-nan,-nan
3276,3,-nan,-nan
3277,3,-nan,-nan
3278,3,-nan,-nan
3279,3,-nan,-nan
3280,3,-nan,-nan
3281,3,-nan,-nan
3282,3,-nan,-nan
3283,3,-nan,-nan
3284,3,-nan,-nan
3285,3,-nan,-nan
3286,3,-nan,-nan
3287,3,-nan,-nan
3288,3,-nan,-nan
3289,3,-nan,-nan
3290,3,-nan,-nan
3291,3,-nan,-nan
3292,3,-nan,-nan
3293,3,-nan,-nan
3294,3,-nan,-nan
3295,3,-nan,-nan
3296,3,-nan,-nan
3297,3,-nan,-nan
3298,3,-nan,-nan
3299,3,-nan,-nan
3300,3,-nan,-nan
3301,3,-nan,-nan
3302,3,-nan,-nan
3303,3,-nan,-nan
3304,3,-nan,-nan
3305,3,-nan,-nan
3306,3,-nan,-nan
3307,3,-nan,-nan
3308,3,-nan,-nan
3309,3,-nan,-nan
3310,3,-nan,-nan
3311,3,-nan,-nan
3312,3,-nan,-nan
3313,3,-nan,-nan
3314,3,-nan,-nan
3315,3,-nan,-nan
3316,3,-nan,-nan
3317,3,-nan,-nan
3318,3,-nan,-nan
3319,3,-nan,-nan
3320,3,-nan,-nan
3321,3,-nan,-nan
3322,3,-nan,-nan
3323,3,-nan,-nan
3324,3,-nan,-nan
3325,3,-nan,-nan
3326,3,-nan,-nan
3327,3,-nan,-nan
3328,3,-nan,-nan
3329,3,-nan,-nan
3330,3,-nan,-nan
3331,3,-nan,-nan
3332,3,-nan,-nan
3333,3,-nan,-nan
3334,3,-nan,-nan
3335,3,-nan,-nan
3336,3,-nan,-nan
3337,3,-nan,-nan
3338,3,-nan,-nan
3339,3,-nan,-nan
3340,3,-nan,-nan
3341,3,-nan,-nan
3342,3,-nan,-nan
3343,3,-nan,-nan
3344,3,-nan,-nan
3345,3,-nan,-nan
3346,3,-nan,-nan
3347,3,-nan,-nan
3348,3,-nan,-nan
3349,3,-nan,-nan
3350,3,-nan,-nan
3351,3,-nan,-nan
3352,3,-nan,-nan
3353,3,-nan,-nan
3354,3,-nan,-nan
3355,3,-nan,-nan
3356,3,-nan,-nan
3357,3,-nan,-nan
3358,3,-nan,-nan
3359,3,-nan,-nan
3360,3,-nan,-nan
3361,3,-nan,-nan
3362,3,-nan,-nan
3363,3,-nan,-nan
3364,3,-nan,-nan
3365,3,-nan,-nan
3366,3,-nan,-nan
3367,3,-nan,-nan
3368,3,-nan,-nan
3369,3,-nan,-nan
3370,3,-nan,-nan
3371,3,-nan,-nan
3372,3,-nan,-nan
3373,3,-nan,-nan
3374,3,-nan,-nan
3375,3,-nan,-nan
3376,3,-nan,-nan
3377,3,-nan,-nan
3378,3,-nan,-nan
3379,3,-nan,-nan
3380,3,-nan,-nan
3381,3,-nan,-nan
3382,3,-nan,-nan
3383,3,-nan,-nan
3384,3,-nan,-nan
3385,3,-nan,-nan
3386,3,-nan,-nan
3387,3,-nan,-nan
3388,3,-nan,-nan
3389,3,-nan,-nan
3390,3,-nan,-nan
3391,3,-nan,-nan
3392,3,-nan,-nan
3393,3,-nan,-nan
3394,3,-nan,-nan
3395,3,-nan,-nan
3396,3,-nan,-nan
3397,3,-nan,-nan
3398,3,-nan,-nan
3399,3,-nan,-nan
3400,3,-nan,-nan
3401,3,-nan,-nan
3402,3,-nan,-nan
3403,3,-nan,-nan
3404,3,-nan,-nan
3405,3,-nan,-nan
3406,3,-nan,-nan
3407,3,-nan,-nan
3408,3,-nan,-nan
3409,3,-nan,-nan
3410,3,-nan,-nan
3411,3,-nan,-nan
3412,3,-nan,-nan
3413,3,-nan,-nan
3414,3,-nan,-nan
3415,3,-nan,-nan
3416,3,-nan,-nan
3417,3,-nan,-nan
3418,3,-nan,-nan
3419,3,-nan,-nan
3420,3,-nan,-nan
3421,3,-nan,-nan
3422,3,-nan,-nan
3423,3,-nan,-nan
3424,3,-nan,-nan
3425,3,-nan,-nan
3426,3,-nan,-nan
3427,3,-nan,-nan
3428,3,-nan,-nan
3429,3,-nan,-nan
3430,3,-nan,-nan
3431,3,-nan,-nan
3432,3,-nan,-nan
3433,3,-nan,-nan
3434,3,-nan,-nan
3435,3,-nan,-nan
3436,3,-nan,-nan
3437,3,-nan,-nan
3438,3,-nan,-nan
3439,3,-nan,-nan
3440,3,-nan,-nan
3441,3,-nan,-nan
3442,3,-nan,-nan
3443,3,-nan,-nan
3444,3,-nan,-nan
3445,3,-nan,-nan
3446,3,-nan,-nan
3447,3,-nan,-nan
3448,3,-nan,-nan
3449,3,-nan,-nan
3450,3,-nan,-nan
3451,3,-nan,-nan
3452,3,-nan,-nan
3453,3,-nan,-nan
3454,3,-nan,-nan
3455,3,-nan,-nan
3456,3,-nan,-nan
3457,3,-nan,-nan
3458,3,-nan,-nan
3459,3,-nan,-nan
3460,3,-nan,-nan
3461,3,-nan,-nan
3462,3,-nan,-nan
3463,3,-nan,-nan
3464,3,-nan,-nan
3465,3,-nan,-nan
3466,3,-nan,-nan
3467,3,-nan,-nan
3468,3,-nan,-nan
3469,3,-nan,-nan
3470,3,-nan,-nan
3471,3,-nan,-nan
3472,3,-nan,-nan
3473,3,-nan,-nan
3474,3,-nan,-nan
3475,3,-nan,-nan
3476,3,-nan,-nan
3477,3,-nan,-nan
3478,3,-nan,-nan
3479,3,-nan,-nan
3480,3,-nan,-nan
3481,3,-nan,-nan
3482,3,-nan,-nan
3483,3,-nan,-nan
3484,3,-nan,-nan
3485,3,-nan,-nan
3486,3,-nan,-nan
3487,3,-nan,-nan
3488,3,-nan,-nan
3489,3,-nan,-nan
3490,3,-nan,-nan
3491,3,-nan,-nan
3492,3,-nan,-nan
3493,3,-nan,-nan
3494,3,-nan,-nan
3495,3,-nan,-nan
3496,3,-nan,-nan
3497,3,-nan,-nan
3498,3,-nan,-nan
3499,3,-nan,-nan
3500,3,-nan,-nan
3501,3,-nan,-nan
3502,3,-nan,-nan
3503,3,-nan,-nan
3504,3,-nan,-nan
3505,3,-nan,-nan
3506,3,-nan,-nan
3507,3,-nan,-nan
3508,3,-nan,-nan
3509,3,-nan,-nan
3510,3,-nan,-nan
3511,3,-nan,-nan
3512,3,-nan,-nan
3513,3,-nan,-nan
3514,3,-nan,-nan
3515,3,-nan,-nan
3516,3,-nan,-nan
3517,3,-nan,-nan
3518,3,-nan,-nan
3519,3,-nan,-nan
3520,3,-nan,-nan
3521,3,-nan,-nan
3522,3,-nan,-nan
3523,3,-nan,-nan
3524,3,-nan,-nan
3525,3,-nan,-nan
3526,3,-nan,-nan
3527,3,-nan,-nan
3528,3,-nan,-nan
3529,3,-nan,-nan
3530,3,-nan,-nan
3531,3,-nan,-nan
3532,3,-nan,-nan
3533,3,-nan,-nan
3534,3,-nan,-nan
3535,3,-nan,-nan
3536,3,-nan,-nan
3537,3,-nan,-nan
3538,3,-nan,-nan
3539,3,-nan,-nan
3540,3,-nan,-nan
3541,3,-nan,-nan
3542,3,-nan,-nan
3543,3,-nan,-nan
3544,3,-nan,-nan
3545,3,-nan,-nan
3546,3,-nan,-nan
3547,3,-nan,-nan
3548,3,-nan,-nan
3549,3,-nan,-nan
3550,3,-nan,-nan
3551,3,-nan,-nan
3552,3,-nan,-nan
3553,3,-nan,-nan
3554,3,-nan,-nan
3555,3,-nan,-nan
3556,3,-nan,-nan
3557,3,-nan,-nan
3558,3,-nan,-nan
3559,3,-nan,-nan
3560,3,-nan,-nan
3561,3,-nan,-nan
3562,3,-nan,-nan
3563,3,-nan,-nan
3564,3,-nan,-nan
3565,3,-nan,-nan
3566,3,-nan,-nan
3567,3,-nan,-nan
3568,3,-nan,-nan
3569,3,-nan,-nan
3570,3,-nan,-nan
3571,3,-nan,-nan
3572,3,-nan,-nan
3573,3,-nan,-nan
3574,3,-nan,-nan
3575,3,-nan,-nan
3576,3,-nan,-nan
3577,3,-nan,-nan
3578,3,-nan,-nan
3579,3,-nan,-nan
3580,3,-nan,-nan
3581,3,-nan,-nan
3582,3,-nan,-nan
3583,3,-nan,-nan
3584,3,-nan,-nan
3585,3,-nan,-nan
3586,3,-nan,-nan
3587,3,-nan,-nan
3588,3,-nan,-nan
3589,3,-nan,-nan
3590,3,-nan,-nan
3591,3,-nan,-nan
3592,3,-nan,-nan
3593,3,-nan,-nan
3594,3,-nan,-nan
3595,3,-nan,-nan
3596,3,-nan,-nan
3597,3,-nan,-nan
3598,3,-nan,-nan
3599,3,-nan,-nan
3600,3,-nan,-nan
3601,3,-nan,-nan
3602,3,-nan,-nan
3603,3,-nan,-nan
3604,3,-nan,-nan
3605,3,-nan,-nan
3606,3,-nan,-nan
3607,3,-nan,-nan
3608,3,-nan,-nan
3609,3,-nan,-nan
3610,3,-nan,-nan
3611,3,-nan,-nan
3612,3,-nan,-nan
3613,3,-nan,-nan
3614,3,-nan,-nan
3615,3,-nan,-nan
3616,3,-nan,-nan
3617,3,-nan,-nan
3618,3,-nan,-nan
3619,3,-nan,-nan
3620,3,-nan,-nan
3621,3,-nan,-nan
3622,3,-nan,-nan
3623,3,-nan,-nan
3624,3,-nan,-nan
3625,3,-nan,-nan
3626,3,-nan,-nan
3627,3,-nan,-nan
3628,3,-nan,-nan
3629,3,-nan,-nan
3630,3,-nan,-nan
3631,3,-nan,-nan
3632,3,-nan,-nan
3633,3,-nan,-nan
3634,3,-nan,-nan
3635,3,-nan,-nan
3636,3,-nan,-nan
3637,3,-nan,-nan
3638,3,-nan,-nan
3639,3,-nan,-nan
3640,3,-nan,-nan
3641,3,-nan,-nan
3642,3,-nan,-nan
3643,3,-nan,-nan
3644,3,-nan,-nan
3645,3,-nan,-nan
3646,3,-nan,-nan
3647,3,-nan,-nan
3648,3,-nan,-nan
3649,3,-nan,-nan
3650,3,-nan,-nan
3651,3,-nan,-nan
3652,3,-nan,-nan
3653,3,-nan,-nan
3654,3,-nan,-nan
3655,3,-nan,-nan
3656,3,-nan,-nan
3657,3,-nan,-nan
3658,3,-nan,-nan
3659,3,-nan,-nan
3660,3,-nan,-nan
3661,3,-nan,-nan
3662,3,-nan,-nan
3663,3,-nan,-nan
3664,3,-nan,-nan
3665,3,-nan,-nan
3666,3,-nan,-nan
3667,3,-nan,-nan
3668,3,-nan,-nan
3669,3,-nan,-nan
3670,3,-nan,-nan
3671,3,-nan,-nan
3672,3,-nan,-nan
3673,3,-nan,-nan
3674,3,-nan,-nan
3675,3,-nan,-nan
3676,3,-nan,-nan
3677,3,-nan,-nan
3678,3,-nan,-nan
3679,3,-nan,-nan
3680,3,-nan,-nan
3681,3,-nan,-nan
3682,3,-nan,-nan
3683,3,-nan,-nan
3684,3,-nan,-nan
3685,3,-nan,-nan
3686,3,-nan,-nan
3687,3,-nan,-nan
3688,3,-nan,-nan
3689,3,-nan,-nan
3690,3,-nan,-nan
3691,3,-nan,-nan
3692,3,-nan,-nan
3693,3,-nan,-nan
3694,3,-nan,-nan
3695,3,-nan,-nan
3696,3,-nan,-nan
3697,3,-nan,-nan
3698,3,-nan,-nan
3699,3,-nan,-nan
3700,3,-nan,-nan
3701,3,-nan,-nan
3702,3,-nan,-nan
3703,3,-nan,-nan
3704,3,-nan,-nan
3705,3,-nan,-nan
3706,3,-nan,-nan
3707,3,-nan,-nan
3708,3,-nan,-nan
3709,3,-nan,-nan
3710,3,-nan,-nan
3711,3,-nan,-nan
3712,3,-nan,-nan
3713,3,-nan,-nan
3714,3,-nan,-nan
3715,3,-nan,-nan
3716,3,-nan,-nan
3717,3,-nan,-nan
3718,3,-nan,-nan
3719,3,-nan,-nan
3720,3,-nan,-nan
3721,3,-nan,-nan
3722,3,-nan,-nan
3723,3,-nan,-nan
3724,3,-nan,-nan
3725,3,-nan,-nan
3726,3,-nan,-nan
3727,3,-nan,-nan
3728,3,-nan,-nan
3729,3,-nan,-nan
3730,3,-nan,-nan
3731,3,-nan,-nan
3732,3,-nan,-nan
3733,3,-nan,-nan
3734,3,-nan,-nan
3735,3,-nan,-nan
3736,3,-nan,-nan
3737,3,-nan,-nan
3738,3,-nan,-nan
3739,3,-nan,-nan
3740,3,-nan,-nan
3741,3,-nan,-nan
3742,3,-nan,-nan
3743,3,-nan,-nan
3744,3,-nan,-nan
3745,3,-nan,-nan
3746,3,-nan,-nan
3747,3,-nan,-nan
3748,3,-nan,-nan
3749,3,-nan,-nan
3750,3,-nan,-nan
3751,3,-nan,-nan
3752,3,-nan,-nan
3753,3,-nan,-nan
3754,3,-nan,-nan
3755,3,-nan,-nan
3756,3,-nan,-nan
3757,3,-nan,-nan
3758,3,-nan,-nan
3759,3,-nan,-nan
3760,3,-nan,-nan
3761,3,-nan,-nan
3762,3,-nan,-nan
3763,3,-nan,-nan
3764,3,-nan,-nan
3765,3,-nan,-nan
3766,3,-nan,-nan
3767,3,-nan,-nan
3768,3,-nan,-nan
3769,3,-nan,-nan
3770,3,-nan,-nan
3771,3,-nan,-nan
3772,3,-nan,-nan
3773,3,-nan,-nan
3774,3,-nan,-nan
3775,3,-nan,-nan
3776,3,-nan,-nan
3777,3,-nan,-nan
3778,3,-nan,-nan
3779,3,-nan,-nan
3780,3,-nan,-nan
3781,3,-nan,-nan
3782,3,-nan,-nan
3783,3,-nan,-nan
3784,3,-nan,-nan
3785,3,-nan,-nan
3786,3,-nan,-nan
3787,3,-nan,-nan
3788,3,-nan,-nan
3789,3,-nan,-nan
3790,3,-nan,-nan
3791,3,-nan,-nan
3792,3,-nan,-nan
3793,3,-nan,-nan
3794,3,-nan,-nan
3795,3,-nan,-nan
3796,3,-nan,-nan
3797,3,-nan,-nan
3798,3,-nan,-nan
3799,3,-nan,-nan
3800,3,-nan,-nan
3801,3,-nan,-nan
3802,3,-nan,-nan
3803,3,-nan,-nan
3804,3,-nan,-nan
3805,3,-nan,-nan
3806,3,-nan,-nan
3807,3,-nan,-nan
3808,3,-nan,-nan
3809,3,-nan,-nan
3810,3,-nan,-nan
3811,3,-nan,-nan
3812,3,-nan,-nan
3813,3,-nan,-nan
3814,3,-nan,-nan
3815,3,-nan,-nan
3816,3,-nan,-nan
3817,3,-nan,-nan
3818,3,-nan,-nan
3819,3,-nan,-nan
3820,3,-nan,-nan
3821,3,-nan,-nan
3822,3,-nan,-nan
3823,3,-nan,-nan
3824,3,-nan,-nan
3825,3,-nan,-nan
3826,3,-nan,-nan
3827,3,-nan,-nan
3828,3,-nan,-nan
3829,3,-nan,-nan
3830,3,-nan,-nan
3831,3,-nan,-nan
3832,3,-nan,-nan
3833,3,-nan,-nan
3834,3,-nan,-nan
3835,3,-nan,-nan
3836,3,-nan,-nan
3837,3,-nan,-nan
3838,3,-nan,-nan
3839,3,-nan,-nan
3840,3,-nan,-nan
3841,3,-nan,-nan
3842,3,-nan,-nan
3843,3,-nan,-nan
3844,3,-nan,-nan
3845,3,-nan,-nan
3846,3,-nan,-nan
3847,3,-nan,-nan
3848,3,-nan,-nan
3849,3,-nan,-nan
3850,3,-nan,-nan
3851,3,-nan,-nan
3852,3,-nan,-nan
3853,3,-nan,-nan
3854,3,-nan,-nan
3855,3,-nan,-nan
3856,3,-nan,-nan
3857,3,-nan,-nan
3858,3,-nan,-nan
3859,3,-nan,-nan
3860,3,-nan,-nan
3861,3,-nan,-nan
3862,3,-nan,-nan
3863,3,-nan,-nan
3864,3,-nan,-nan
3865,3,-nan,-nan
3866,3,-nan,-nan
3867,3,-nan,-nan
3868,3,-nan,-nan
3869,3,-nan,-nan
3870,3,-nan,-nan
3871,3,-nan,-nan
3872,3,-nan,-nan
3873,3,-nan,-nan
3874,3,-nan,-nan
3875,3,-nan,-nan
3876,3,-nan,-nan
3877,3,-nan,-nan
3878,3,-nan,-nan
3879,3,-nan,-nan
3880,3,-nan,-nan
3881,3,-nan,-nan
3882,3,-nan,-nan
3883,3,-nan,-nan
3884,3,-nan,-nan
3885,3,-nan,-nan
3886,3,-nan,-nan
3887,3,-nan,-nan
3888,3,-nan,-nan
3889,3,-nan,-nan
3890,3,-nan,-nan
3891,3,-nan,-nan
3892,3,-nan,-nan
3893,3,-nan,-nan
3894,3,-nan,-nan
3895,3,-nan,-nan
3896,3,-nan,-nan
3897,3,-nan,-nan
3898,3,-nan,-nan
3899,3,-nan,-nan
3900,3,-nan,-nan
3901,3,-nan,-nan
3902,3,-nan,-nan
3903,3,-nan,-nan
3904,3,-nan,-nan
3905,3,-nan,-nan
3906,3,-nan,-nan
3907,3,-nan,-nan
3908,3,-nan,-nan
3909,3,-nan,-nan
3910,3,-nan,-nan
3911,3,-nan,-nan
3912,3,-nan,-nan
3913,3,-nan,-nan
3914,3,-nan,-nan
3915,3,-nan,-nan
3916,3,-nan,-nan
3917,3,-nan,-nan
3918,3,-nan,-nan
3919,3,-nan,-nan
3920,3,-nan,-nan
3921,3,-nan,-nan
3922,3,-nan,-nan
3923,3,-nan,-nan
3924,3,-nan,-nan
3925,3,-nan,-nan
3926,3,-nan,-nan
3927,3,-nan,-nan
3928,3,-nan,-nan
3929,3,-nan,-nan
3930,3,-nan,-nan
3931,3,-nan,-nan
3932,3,-nan,-nan
3933,3,-nan,-nan
3934,3,-nan,-nan
3935,3,-nan,-nan
3936,3,-nan,-nan
3937,3,-nan,-nan
3938,3,-nan,-nan
3939,3,-nan,-nan
3940,3,-nan,-nan
3941,3,-nan,-nan
3942,3,-nan,-nan
3943,3,-nan,-nan
3944,3,-nan,-nan
3945,3,-nan,-nan
3946,3,-nan,-nan
3947,3,-nan,-nan
3948,3,-nan,-nan
3949,3,-nan,-nan
3950,3,-nan,-nan
3951,3,-nan,-nan
3952,3,-nan,-nan
3953,3,-nan,-nan
3954,3,-nan,-nan
3955,3,-nan,-nan
3956,3,-nan,-nan
3957,3,-nan,-nan
3958,3,-nan,-nan
3959,3,-nan,-nan
3960,3,-nan,-nan
3961,3,-nan,-nan
3962,3,-nan,-nan
3963,3,-nan,-nan
3964,3,-nan,-nan
3965,3,-nan,-nan
3966,3,-nan,-nan
3967,3,-nan,-nan
3968,3,-nan,-nan
3969,3,-nan,-nan
3970,3,-nan,-nan
3971,3,-nan,-nan
3972,3,-nan,-nan
3973,3,-nan,-nan
3974,3,-nan,-nan
3975,3,-nan,-nan
3976,3,-nan,-nan
3977,3,-nan,-nan
3978,3,-nan,-nan
3979,3,-nan,-nan
3980,3,-nan,-nan
3981,3,-nan,-nan
3982,3,-nan,-nan
3983,3,-nan,-nan
3984,3,-nan,-nan
3985,3,-nan,-nan
3986,3,-nan,-nan
3987,3,-nan,-nan
3988,3,-nan,-nan
3989,3,-nan,-nan
3990,3,-nan,-nan
3991,3,-nan,-nan
3992,3,-nan,-nan
3993,3,-nan,-nan
3994,3,-nan,-nan
3995,3,-nan,-nan
3996,3,-nan,-nan
3997,3,-nan,-nan
3998,3,-nan,-nan
3999,3,-nan,-nan
4000,3,-nan,-nan
4001,3,-nan,-nan
4002,3,-nan,-nan
4003,3,-nan,-nan
4004,3,-nan,-nan
4005,3,-nan,-nan
4006,3,-nan,-nan
4007,3,-nan,-nan
4008,3,-nan,-nan
4009,3,-nan,-nan
4010,3,-nan,-nan
4011,3,-nan,-nan
4012,3,-nan,-nan
4013,3,-nan,-nan
4014,3,-nan,-nan
4015,3,-nan,-nan
4016,3,-nan,-nan
4017,3,-nan,-nan
4018,3,-nan,-nan
4019,3,-nan,-nan
4020,3,-nan,-nan
4021,3,-nan,-nan
4022,3,-nan,-nan
4023,3,-nan,-nan
4024,3,-nan,-nan
4025,3,-nan,-nan
4026,3,-nan,-nan
4027,3,-nan,-nan
4028,3,-nan,-nan
4029,3,-nan,-nan
4030,3,-nan,-nan
4031,3,-nan,-nan
4032,3,-nan,-nan
4033,3,-nan,-nan
4034,3,-nan,-nan
4035,3,-nan,-nan
4036,3,-nan,-nan
4037,3,-nan,-nan
4038,3,-nan,-nan
4039,3,-nan,-nan
4040,3,-nan,-nan
4041,3,-nan,-nan
4042,3,-nan,-nan
4043,3,-nan,-nan
4044,3,-nan,-nan
4045,3,-nan,-nan
4046,3,-nan,-nan
4047,3,-nan,-nan
4048,3,-nan,-nan
4049,3,-nan,-nan
4050,3,-nan,-nan
4051,3,-nan,-nan
4052,3,-nan,-nan
4053,3,-nan,-nan
4054,3,-nan,-nan
4055,3,-nan,-nan
4056,3,-nan,-nan
4057,3,-nan,-nan
4058,3,-nan,-nan
4059,3,-nan,-nan
4060,3,-nan,-nan
4061,3,-nan,-nan
4062,3,-nan,-nan
4063,3,-nan,-nan
4064,3,-nan,-nan
4065,3,-nan,-nan
4066,3,-nan,-nan
4067,3,-nan,-nan
4068,3,-nan,-nan
4069,3,-nan,-nan
4070,3,-nan,-nan
4071,3,-nan,-nan
4072,3,-nan,-nan
4073,3,-nan,-nan
4074,3,-nan,-nan
4075,3,-nan,-nan
4076,3,-nan,-nan
4077,3,-nan,-nan
4078,3,-nan,-nan
4079,3,-nan,-nan
4080,3,-nan,-nan
4081,3,-nan,-nan
4082,3,-nan,-nan
4083,3,-nan,-nan
4084,3,-nan,-nan
4085,3,-nan,-nan
4086,3,-nan,-nan
4087,3,-nan,-nan
4088,3,-nan,-nan
4089,3,-nan,-nan
4090,3,-nan,-nan
4091,3,-nan,-nan
4092,3,-nan,-nan
4093,3,-nan,-nan
4094,3,-nan,-nan
4095,3,-nan,-nan
4096,3,-nan,-nan
4097,3,-nan,-nan
4098,3,-nan,-nan
4099,3,-nan,-nan
4100,3,-nan,-nan
4101,3,-nan,-nan
4102,3,-nan,-nan
4103,3,-nan,-nan
4104,3,-nan,-nan
4105,3,-nan,-nan
4106,3,-nan,-nan
4107,3,-nan,-nan
4108,3,-nan,-nan
4109,3,-nan,-nan
4110,3,-nan,-nan
4111,3,-nan,-nan
4112,3,-nan,-nan
4113,3,-nan,-nan
4114,3,-nan,-nan
4115,3,-nan,-nan
4116,3,-nan,-nan
4117,3,-nan,-nan
4118,3,-nan,-nan
4119,3,-nan,-nan
4120,3,-nan,-nan
4121,3,-nan,-nan
4122,3,-nan,-nan
4123,3,-nan,-nan
4124,3,-nan,-nan
4125,3,-nan,-nan
4126,3,-nan,-nan
4127,3,-nan,-nan
4128,3,-nan,-nan
4129,3,-nan,-nan
4130,3,-nan,-nan
4131,3,-nan,-nan
4132,3,-nan,-nan
4133,3,-nan,-nan
4134,3,-nan,-nan
4135,3,-nan,-nan
4136,3,-nan,-nan
4137,3,-nan,-nan
4138,3,-nan,-nan
4139,3,-nan,-nan
4140,3,-nan,-nan
4141,3,-nan,-nan
4142,3,-nan,-nan
4143,3,-nan,-nan
4144,3,-nan,-nan
4145,3,-nan,-nan
4146,3,-nan,-nan
4147,3,-nan,-nan
4148,3,-nan,-nan
4149,3,-nan,-nan
4150,3,-nan,-nan
4151,3,-nan,-nan
4152,3,-nan,-nan
4153,3,-nan,-nan
4154,3,-nan,-nan
4155,3,-nan,-nan
4156,3,-nan,-nan
4157,3,-nan,-nan
4158,3,-nan,-nan
4159,3,-nan,-nan
4160,3,-nan,-nan
4161,3,-nan,-nan
4162,3,-nan,-nan
4163,3,-nan,-nan
4164,3,-nan,-nan
4165,3,-nan,-nan
4166,3,-nan,-nan
4167,3,-nan,-nan
4168,3,-nan,-nan
4169,3,-nan,-nan
4170,3,-nan,-nan
4171,3,-nan,-nan
4172,3,-nan,-nan
4173,3,-nan,-nan
4174,3,-nan,-nan
4175,3,-nan,-nan
4176,3,-nan,-nan
4177,3,-nan,-nan
4178,3,-nan,-nan
4179,3,-nan,-nan
4180,3,-nan,-nan
4181,3,-nan,-nan
4182,3,-nan,-nan
4183,3,-nan,-nan
4184,3,-nan,-nan
4185,3,-nan,-nan
4186,3,-nan,-nan
4187,3,-nan,-nan
4188,3,-nan,-nan
4189,3,-nan,-nan
4190,3,-nan,-nan
4191,3,-nan,-nan
4192,3,-nan,-nan
4193,3,-nan,-nan
4194,3,-nan,-nan
4195,3,-nan,-nan
4196,3,-nan,-nan
4197,3,-nan,-nan
4198,3,-nan,-nan
4199,3,-nan,-nan
4200,3,-nan,-nan
4201,3,-nan,-nan
4202,3,-nan,-nan
4203,3,-nan,-nan
4204,3,-nan,-nan
4205,3,-nan,-nan
4206,3,-nan,-nan
4207,3,-nan,-nan
4208,3,-nan,-nan
4209,3,-nan,-nan
4210,3,-nan,-nan
4211,3,-nan,-nan
4212,3,-nan,-nan
4213,3,-nan,-nan
4214,3,-nan,-nan
4215,3,-nan,-nan
4216,3,-nan,-nan
4217,3,-nan,-nan
4218,3,-nan,-nan
4219,3,-nan,-nan
4220,3,-nan,-nan
4221,3,-nan,-nan
4222,3,-nan,-nan
4223,3,-nan,-nan
4224,3,-nan,-nan
4225,3,-nan,-nan
4226,3,-nan,-nan
4227,3,-nan,-nan
4228,3,-nan,-nan
4229,3,-nan,-nan
4230,3,-nan,-nan
4231,3,-nan,-nan
4232,3,-nan,-nan
4233,3,-nan,-nan
4234,3,-nan,-nan
4235,3,-nan,-nan
4236,3,-nan,-nan
4237,3,-nan,-nan
4238,3,-nan,-nan
4239,3,-nan,-nan
4240,3,-nan,-nan
4241,3,-nan,-nan
4242,3,-nan,-nan
4243,3,-nan,-nan
4244,3,-nan,-nan
4245,3,-nan,-nan
4246,3,-nan,-nan
4247,3,-nan,-nan
4248,3,-nan,-nan
4249,3,-nan,-nan
4250,3,-nan,-nan
4251,3,-nan,-nan
4252,3,-nan,-nan
4253,3,-nan,-nan
4254,3,-nan,-nan
4255,3,-nan,-nan
4256,3,-nan,-nan
4257,3,-nan,-nan
4258,3,-nan,-nan
4259,3,-nan,-nan
4260,3,-nan,-nan
4261,3,-nan,-nan
4262,3,-nan,-nan
4263,3,-nan,-nan
4264,3,-nan,-nan
4265,3,-nan,-nan
4266,3,-nan,-nan
4267,3,-nan,-nan
4268,3,-nan,-nan
4269,3,-nan,-nan
4270,3,-nan,-nan
4271,3,-nan,-nan
4272,3,-nan,-nan
4273,3,-nan,-nan
4274,3,-nan,-nan
4275,3,-nan,-nan
4276,3,-nan,-nan
4277,3,-nan,-nan
4278,3,-nan,-nan
4279,3,-nan,-nan
4280,3,-nan,-nan
4281,3,-nan,-nan
4282,3,-nan,-nan
4283,3,-nan,-nan
4284,3,-nan,-nan
4285,3,-nan,-nan
4286,3,-nan,-nan
4287,3,-nan,-nan
4288,3,-nan,-nan
4289,3,-nan,-nan
4290,3,-nan,-nan
4291,3,-nan,-nan
4292,3,-nan,-nan
4293,3,-nan,-nan
4294,3,-nan,-nan
4295,3,-nan,-nan
4296,3,-nan,-nan
4297,3,-nan,-nan
4298,3,-nan,-nan
4299,3,-nan,-nan
4300,3,-nan,-nan
4301,3,-nan,-nan
4302,3,-nan,-nan
4303,3,-nan,-nan
4304,3,-nan,-nan
4305,3,-nan,-nan
4306,3,-nan,-nan
4307,3,-nan,-nan
4308,3,-nan,-nan
4309,3,-nan,-nan
4310,3,-nan,-nan
4311,3,-nan,-nan
4312,3,-nan,-nan
4313,3,-nan,-nan
4314,3,-nan,-nan
4315,3,-nan,-nan
4316,3,-nan,-nan
4317,3,-nan,-nan
4318,3,-nan,-nan
4319,3,-nan,-nan
4320,3,-nan,-nan
4321,3,-nan,-nan
4322,3,-nan,-nan
4323,3,-nan,-nan
4324,3,-nan,-nan
4325,3,-nan,-nan
4326,3,-nan,-nan
4327,3,-nan,-nan
4328,3,-nan,-nan
4329,3,-nan,-nan
4330,3,-nan,-nan
4331,3,-nan,-nan
4332,3,-nan,-nan
4333,3,-nan,-nan
4334,3,-nan,-nan
4335,3,-nan,-nan
4336,3,-nan,-nan
4337,3,-nan,-nan
4338,3,-nan,-nan
4339,3,-nan,-nan
4340,3,-nan,-nan
4341,3,-nan,-nan
4342,3,-nan,-nan
4343,3,-nan,-nan
4344,3,-nan,-nan
4345,3,-nan,-nan
4346,3,-nan,-nan
4347,3,-nan,-nan
4348,3,-nan,-nan
4349,3,-nan,-nan
4350,3,-nan,-nan
4351,3,-nan,-nan
4352,3,-nan,-nan
4353,3,-nan,-nan
4354,3,-nan,-nan
4355,3,-nan,-nan
4356,3,-nan,-nan
4357,3,-nan,-nan
4358,3,-nan,-nan
4359,3,-nan,-nan
4360,3,-nan,-nan
4361,3,-nan,-nan
4362,3,-nan,-nan
4363,3,-nan,-nan
4364,3,-nan,-nan
4365,3,-nan,-nan
4366,3,-nan,-nan
4367,3,-nan,-nan
4368,3,-nan,-nan
4369,3,-nan,-nan
4370,3,-nan,-nan
4371,3,-nan,-nan
4372,3,-nan,-nan
4373,3,-nan,-nan
4374,3,-nan,-nan
4375,3,-nan,-nan
4376,3,-nan,-nan
4377,3,-nan,-nan
4378,3,-nan,-nan
4379,3,-nan,-nan
4380,3,-nan,-nan
4381,3,-nan,-nan
4382,3,-nan,-nan
4383,3,-nan,-nan
4384,3,-nan,-nan
4385,3,-nan,-nan
4386,3,-nan,-nan
4387,3,-nan,-nan
4388,3,-nan,-nan
4389,3,-nan,-nan
4390,3,-nan,-nan
4391,3,-nan,-nan
4392,3,-nan,-nan
4393,3,-nan,-nan
4394,3,-nan,-nan
4395,3,-nan,-nan
4396,3,-nan,-nan
4397,3,-nan,-nan
4398,3,-nan,-nan
4399,3,-nan,-nan
4400,3,-nan,-nan
4401,3,-nan,-nan
4402,3,-nan,-nan
4403,3,-nan,-nan
4404,3,-nan,-nan
4405,3,-nan,-nan
4406,3,-nan,-nan
4407,3,-nan,-nan
4408,3,-nan,-nan
4409,3,-nan,-nan
4410,3,-nan,-nan
4411,3,-nan,-nan
4412,3,-nan,-nan
4413,3,-nan,-nan
4414,3,-nan,-nan
4415,3,-nan,-nan
4416,3,-nan,-nan
4417,3,-nan,-nan
4418,3,-nan,-nan
4419,3,-nan,-nan
4420,3,-nan,-nan
4421,3,-nan,-nan
4422,3,-nan,-nan
4423,3,-nan,-nan
4424,3,-nan,-nan
4425,3,-nan,-nan
4426,3,-nan,-nan
4427,3,-nan,-nan
4428,3,-nan,-nan
4429,3,-nan,-nan
4430,3,-nan,-nan
4431,3,-nan,-nan
4432,3,-nan,-nan
4433,3,-nan,-nan
4434,3,-nan,-nan
4435,3,-nan,-nan
4436,3,-nan,-nan
4437,3,-nan,-nan
4438,3,-nan,-nan
4439,3,-nan,-nan
4440,3,-nan,-nan
4441,3,-nan,-nan
4442,3,-nan,-nan
4443,3,-nan,-nan
4444,3,-nan,-nan
4445,3,-nan,-nan
4446,3,-nan,-nan
4447,3,-nan,-nan
4448,3,-nan,-nan
4449,3,-nan,-nan
4450,3,-nan,-nan
4451,3,-nan,-nan
4452,3,-nan,-nan
4453,3,-nan,-nan
4454,3,-nan,-nan
4455,3,-nan,-nan
4456,3,-nan,-nan
4457,3,-nan,-nan
4458,3,-nan,-nan
4459,3,-nan,-nan
4460,3,-nan,-nan
4461,3,-nan,-nan
4462,3,-nan,-nan
4463,3,-nan,-nan
4464,3,-nan,-nan
4465,3,-nan,-nan
4466,3,-nan,-nan
4467,3,-nan,-nan
4468,3,-nan,-nan
4469,3,-nan,-nan
4470,3,-nan,-nan
4471,3,-nan,-nan
4472,3,-nan,-nan
4473,3,-nan,-nan
4474,3,-nan,-nan
4475,3,-nan,-nan
4476,3,-nan,-nan
4477,3,-nan,-nan
4478,3,-nan,-nan
4479,3,-nan,-nan
4480,3,-nan,-nan
4481,3,-nan,-nan
4482,3,-nan,-nan
4483,3,-nan,-nan
4484,3,-nan,-nan
4485,3,-nan,-nan
4486,3,-nan,-nan
4487,3,-nan,-nan
4488,3,-nan,-nan
4489,3,-nan,-nan
4490,3,-nan,-nan
4491,3,-nan,-nan
4492,3,-nan,-nan
4493,3,-nan,-nan
4494,3,-nan,-nan
4495,3,-nan,-nan
4496,3,-nan,-nan
4497,3,-nan,-nan
4498,3,-nan,-nan
4499,3,-nan,-nan
4500,3,-nan,-nan
4501,3,-nan,-nan
4502,3,-nan,-nan
4503,3,-nan,-nan
4504,3,-nan,-nan
4505,3,-nan,-nan
4506,3,-nan,-nan
4507,3,-nan,-nan
4508,3,-nan,-nan
4509,3,-nan,-nan
4510,3,-nan,-nan
4511,3,-nan,-nan
4512,3,-nan,-nan
4513,3,-nan,-nan
4514,3,-nan,-nan
4515,3,-nan,-nan
4516,3,-nan,-nan
4517,3,-nan,-nan
4518,3,-nan,-nan
4519,3,-nan,-nan
4520,3,-nan,-nan
4521,3,-nan,-nan
4522,3,-nan,-nan
4523,3,-nan,-nan
4524,3,-nan,-nan
4525,3,-nan,-nan
4526,3,-nan,-nan
4527,3,-nan,-nan
4528,3,-nan,-nan
4529,3,-nan,-nan
4530,3,-nan,-nan
4531,3,-nan,-nan
4532,3,-nan,-nan
4533,3,-nan,-nan
4534,3,-nan,-nan
4535,3,-nan,-nan
4536,3,-nan,-nan
4537,3,-nan,-nan
4538,3,-nan,-nan
4539,3,-nan,-nan
4540,3,-nan,-nan
4541,3,-nan,-nan
4542,3,-nan,-nan
4543,3,-nan,-nan
4544,3,-nan,-nan
4545,3,-nan,-nan
4546,3,-nan,-nan
4547,3,-nan,-nan
4548,3,-nan,-nan
4549,3,-nan,-nan
4550,3,-nan,-nan
4551,3,-nan,-nan
4552,3,-nan,-nan
4553,3,-nan,-nan
4554,3,-nan,-nan
4555,3,-nan,-nan
4556,3,-nan,-nan
4557,3,-nan,-nan
4558,3,-nan,-nan
4559,3,-nan,-nan
4560,3,-nan,-nan
4561,3,-nan,-nan
4562,3,-nan,-nan
4563,3,-nan,-nan
4564,3,-nan,-nan
4565,3,-nan,-nan
4566,3,-nan,-nan
4567,3,-nan,-nan
4568,3,-nan,-nan
4569,3,-nan,-nan
4570,3,-nan,-nan
4571,3,-nan,-nan
4572,3,-nan,-nan
4573,3,-nan,-nan
4574,3,-nan,-nan
4575,3,-nan,-nan
4576,3,-nan,-nan
4577,3,-nan,-nan
4578,3,-nan,-nan
4579,3,-nan,-nan
4580,3,-nan,-nan
4581,3,-nan,-nan
4582,3,-nan,-nan
4583,3,-nan,-nan
4584,3,-nan,-nan
4585,3,-nan,-nan
4586,3,-nan,-nan
4587,3,-nan,-nan
4588,3,-nan,-nan
4589,3,-nan,-nan
4590,3,-nan,-nan
4591,3,-nan,-nan
4592,3,-nan,-nan
4593,3,-nan,-nan
4594,3,-nan,-nan
4595,3,-nan,-nan
4596,3,-nan,-nan
4597,3,-nan,-nan
4598,3,-nan,-nan
4599,3,-nan,-nan
4600,3,-nan,-nan
4601,3,-nan,-nan
4602,3,-nan,-nan
4603,3,-nan,-nan
4604,3,-nan,-nan
4605,3,-nan,-nan
4606,3,-nan,-nan
4607,3,-nan,-nan
4608,3,-nan,-nan
4609,3,-nan,-nan
4610,3,-nan,-nan
4611,3,-nan,-nan
4612,3,-nan,-nan
4613,3,-nan,-nan
4614,3,-nan,-nan
4615,3,-nan,-nan
4616,3,-nan,-nan
4617,3,-nan,-nan
4618,3,-nan,-nan
4619,3,-nan,-nan
4620,3,-nan,-nan
4621,3,-nan,-nan
4622,3,-nan,-nan
4623,3,-nan,-nan
4624,3,-nan,-nan
4625,3,-nan,-nan
4626,3,-nan,-nan
4627,3,-nan,-nan
4628,3,-nan,-nan
4629,3,-nan,-nan
4630,3,-nan,-nan
4631,3,-nan,-nan
4632,3,-nan,-nan
4633,3,-nan,-nan
4634,3,-nan,-nan
4635,3,-nan,-nan
4636,3,-nan,-nan
4637,3,-nan,-nan
4638,3,-nan,-nan
4639,3,-nan,-nan
4640,3,-nan,-nan
4641,3,-nan,-nan
4642,3,-nan,-nan
4643,3,-nan,-nan
4644,3,-nan,-nan
4645,3,-nan,-nan
4646,3,-nan,-nan
4647,3,-nan,-nan
4648,3,-nan,-nan
4649,3,-nan,-nan
4650,3,-nan,-nan
4651,3,-nan,-nan
4652,3,-nan,-nan
4653,3,-nan,-nan
4654,3,-nan,-nan
4655,3,-nan,-nan
4656,3,-nan,-nan
4657,3,-nan,-nan
4658,3,-nan,-nan
4659,3,-nan,-nan
4660,3,-nan,-nan
4661,3,-nan,-nan
4662,3,-nan,-nan
4663,3,-nan,-nan
4664,3,-nan,-nan
4665,3,-nan,-nan
4666,3,-nan,-nan
4667,3,-nan,-nan
4668,3,-nan,-nan
4669,3,-nan,-nan
4670,3,-nan,-nan
4671,3,-nan,-nan
4672,3,-nan,-nan
4673,3,-nan,-nan
4674,3,-nan,-nan
4675,3,-nan,-nan
4676,3,-nan,-nan
4677,3,-nan,-nan
4678,3,-nan,-nan
4679,3,-nan,-nan
4680,3,-nan,-nan
4681,3,-nan,-nan
4682,3,-nan,-nan
4683,3,-nan,-nan
4684,3,-nan,-nan
4685,3,-nan,-nan
4686,3,-nan,-nan
4687,3,-nan,-nan
4688,3,-nan,-nan
4689,3,-nan,-nan
4690,3,-nan,-nan
4691,3,-nan,-nan
4692,3,-nan,-nan
4693,3,-nan,-nan
4694,3,-nan,-nan
4695,3,-nan,-nan
4696,3,-nan,-nan
4697,3,-nan,-nan
4698,3,-nan,-nan
4699,3,-nan,-nan
4700,3,-nan,-nan
4701,3,-nan,-nan
4702,3,-nan,-nan
4703,3,-nan,-nan
4704,3,-nan,-nan
4705,3,-nan,-nan
4706,3,-nan,-nan
4707,3,-nan,-nan
4708,3,-nan,-nan
4709,3,-nan,-nan
4710,3,-nan,-nan
4711,3,-nan,-nan
4712,3,-nan,-nan
4713,3,-nan,-nan
4714,3,-nan,-nan
4715,3,-nan,-nan
4716,3,-nan,-nan
4717,3,-nan,-nan
4718,3,-nan,-nan
4719,3,-nan,-nan
4720,3,-nan,-nan
4721,3,-nan,-nan
4722,3,-nan,-nan
4723,3,-nan,-nan
4724,3,-nan,-nan
4725,3,-nan,-nan
4726,3,-nan,-nan
4727,3,-nan,-nan
4728,3,-nan,-nan
4729,3,-nan,-nan
4730,3,-nan,-nan
4731,3,-nan,-nan
4732,3,-nan,-nan
4733,3,-nan,-nan
4734,3,-nan,-nan
4735,3,-nan,-nan
4736,3,-nan,-nan
4737,3,-nan,-nan
4738,3,-nan,-nan
4739,3,-nan,-nan
4740,3,-nan,-nan
4741,3,-nan,-nan
4742,3,-nan,-nan
4743,3,-nan,-nan
4744,3,-nan,-nan
4745,3,-nan,-nan
4746,3,-nan,-nan
4747,3,-nan,-nan
4748,3,-nan,-nan
4749,3,-nan,-nan
4750,3,-nan,-nan
4751,3,-nan,-nan
4752,3,-nan,-nan
4753,3,-nan,-nan
4754,3,-nan,-nan
4755,3,-nan,-nan
4756,3,-nan,-nan
4757,3,-nan,-nan
4758,3,-nan,-nan
4759,3,-nan,-nan
4760,3,-nan,-nan
4761,3,-nan,-nan
4762,3,-nan,-nan
4763,3,-nan,-nan
4764,3,-nan,-nan
4765,3,-nan,-nan
4766,3,-nan,-nan
4767,3,-nan,-nan
4768,3,-nan,-nan
4769,3,-nan,-nan
4770,3,-nan,-nan
4771,3,-nan,-nan
4772,3,-nan,-nan
4773,3,-nan,-nan
4774,3,-nan,-nan
4775,3,-nan,-nan
4776,3,-nan,-nan
4777,3,-nan,-nan
4778,3,-nan,-nan
4779,3,-nan,-nan
4780,3,-nan,-nan
4781,3,-nan,-nan
4782,3,-nan,-nan
4783,3,-nan,-nan
4784,3,-nan,-nan
4785,3,-nan,-nan
4786,3,-nan,-nan
4787,3,-nan,-nan
4788,3,-nan,-nan
4789,3,-nan,-nan
4790,3,-nan,-nan
4791,3,-nan,-nan
4792,3,-nan,-nan
4793,3,-nan,-nan
4794,3,-nan,-nan
4795,3,-nan,-nan
4796,3,-nan,-nan
4797,3,-nan,-nan
4798,3,-nan,-nan
4799,3,-nan,-nan
4800,3,-nan,-nan
4801,3,-nan,-nan
4802,3,-nan,-nan
4803,3,-nan,-nan
4804,3,-nan,-nan
4805,3,-nan,-nan
4806,3,-nan,-nan
4807,3,-nan,-nan
4808,3,-nan,-nan
4809,3,-nan,-nan
4810,3,-nan,-nan
4811,3,-nan,-nan
4812,3,-nan,-nan
4813,3,-nan,-nan
4814,3,-nan,-nan
4815,3,-nan,-nan
4816,3,-nan,-nan
4817,3,-nan,-nan
4818,3,-nan,-nan
4819,3,-nan,-nan
4820,3,-nan,-nan
4821,3,-nan,-nan
4822,3,-nan,-nan
4823,3,-nan,-nan
4824,3,-nan,-nan
4825,3,-nan,-nan
4826,3,-nan,-nan
4827,3,-nan,-nan
4828,3,-nan,-nan
4829,3,-nan,-nan
4830,3,-nan,-nan
4831,3,-nan,-nan
4832,3,-nan,-nan
4833,3,-nan,-nan
4834,3,-nan,-nan
4835,3,-nan,-nan
4836,3,-nan,-nan
4837,3,-nan,-nan
4838,3,-nan,-nan
4839,3,-nan,-nan
4840,3,-nan,-nan
4841,3,-nan,-nan
4842,3,-nan,-nan
4843,3,-nan,-nan
4844,3,-nan,-nan
4845,3,-nan,-nan
4846,3,-nan,-nan
4847,3,-nan,-nan
4848,3,-nan,-nan
4849,3,-nan,-nan
4850,3,-nan,-nan
4851,3,-nan,-nan
4852,3,-nan,-nan
4853,3,-nan,-nan
4854,3,-nan,-nan
4855,3,-nan,-nan
4856,3,-nan,-nan
4857,3,-nan,-nan
4858,3,-nan,-nan
4859,3,-nan,-nan
4860,3,-nan,-nan
4861,3,-nan,-nan
4862,3,-nan,-nan
4863,3,-nan,-nan
4864,3,-nan,-nan
4865,3,-nan,-nan
4866,3,-nan,-nan
4867,3,-nan,-nan
4868,3,-nan,-nan
4869,3,-nan,-nan
4870,3,-nan,-nan
4871,3,-nan,-nan
4872,3,-nan,-nan
4873,3,-nan,-nan
4874,3,-nan,-nan
4875,3,-nan,-nan
4876,3,-nan,-nan
4877,3,-nan,-nan
4878,3,-nan,-nan
4879,3,-nan,-nan
4880,3,-nan,-nan
4881,3,-nan,-nan
4882,3,-nan,-nan
4883,3,-nan,-nan
4884,3,-nan,-nan
4885,3,-nan,-nan
4886,3,-nan,-nan
4887,3,-nan,-nan
4888,3,-nan,-nan
4889,3,-nan,-nan
4890,3,-nan,-nan
4891,3,-nan,-nan
4892,3,-nan,-nan
4893,3,-nan,-nan
4894,3,-nan,-nan
4895,3,-nan,-nan
4896,3,-nan,-nan
4897,3,-nan,-nan
4898,3,-nan,-nan
4899,3,-nan,-nan
4900,3,-nan,-nan
4901,3,-nan,-nan
4902,3,-nan,-nan
4903,3,-nan,-nan
4904,3,-nan,-nan
4905,3,-nan,-nan
4906,3,-nan,-nan
4907,3,-nan,-nan
4908,3,-nan,-nan
4909,3,-nan,-nan
4910,3,-nan,-nan
4911,3,-nan,-nan
4912,3,-nan,-nan
4913,3,-nan,-nan
4914,3,-nan,-nan
4915,3,-nan,-nan
4916,3,-nan,-nan
4917,3,-nan,-nan
4918,3,-nan,-nan
4919,3,-nan,-nan
4920,3,-nan,-nan
4921,3,-nan,-nan
4922,3,-nan,-nan
4923,3,-nan,-nan
4924,3,-nan,-nan
4925,3,-nan,-nan
4926,3,-nan,-nan
4927,3,-nan,-nan
4928,3,-nan,-nan
4929,3,-nan,-nan
4930,3,-nan,-nan
4931,3,-nan,-nan
4932,3,-nan,-nan
4933,3,-nan,-nan
4934,3,-nan,-nan
4935,3,-nan,-nan
4936,3,-nan,-nan
4937,3,-nan,-nan
4938,3,-nan,-nan
4939,3,-nan,-nan
4940,3,-nan,-nan
4941,3,-nan,-nan
4942,3,-nan,-nan
4943,3,-nan,-nan
4944,3,-nan,-nan
4945,3,-nan,-nan
4946,3,-nan,-nan
4947,3,-nan,-nan
4948,3,-nan,-nan
4949,3,-nan,-nan
4950,3,-nan,-nan
4951,3,-nan,-nan
4952,3,-nan,-nan
4953,3,-nan,-nan
4954,3,-nan,-nan
4955,3,-nan,-nan
4956,3,-nan,-nan
4957,3,-nan,-nan
4958,3,-nan,-nan
4959,3,-nan,-nan
4960,3,-nan,-nan
4961,3,-nan,-nan
4962,3,-nan,-nan
4963,3,-nan,-nan
4964,3,-nan,-nan
4965,3,-nan,-nan
4966,3,-nan,-nan
4967,3,-nan,-nan
4968,3,-nan,-nan
4969,3,-nan,-nan
4970,3,-nan,-nan
4971,3,-nan,-nan
4972,3,-nan,-nan
4973,3,-nan,-nan
4974,3,-nan,-nan
4975,3,-nan,-nan
4976,3,-nan,-nan
4977,3,-nan,-nan
4978,3,-nan,-nan
4979,3,-nan,-nan
4980,3,-nan,-nan
4981,3,-nan,-nan
4982,3,-nan,-nan
4983,3,-nan,-nan
4984,3,-nan,-nan
4985,3,-nan,-nan
4986,3,-nan,-nan
4987,3,-nan,-nan
4988,3,-nan,-nan
4989,3,-nan,-nan
4990,3,-nan,-nan
4991,3,-nan,-nan
4992,3,-nan,-nan
4993,3,-nan,-nan
4994,3,-nan,-nan
4995,3,-nan,-nan
4996,3,-nan,-nan
4997,3,-nan,-nan
4998,3,-nan,-nan
4999,3,-nan,-nan
5000,3,-nan,-nan
5001,3,-nan,-nan
5002,3,-nan,-nan
5003,3,-nan,-nan
5004,3,-nan,-nan
5005,3,-nan,-nan
5006,3,-nan,-nan
5007,3,-nan,-nan
5008,3,-nan,-nan
5009,3,-nan,-nan
5010,3,-nan,-nan
5011,3,-nan,-nan
5012,3,-nan,-nan
5013,3,-nan,-nan
5014,3,-nan,-nan
5015,3,-nan,-nan
5016,3,-nan,-nan
5017,3,-nan,-nan
5018,3,-nan,-nan
5019,3,-nan,-nan
5020,3,-nan,-nan
5021,3,-nan,-nan
5022,3,-nan,-nan
5023,3,-nan,-nan
5024,3,-nan,-nan
5025,3,-nan,-nan
5026,3,-nan,-nan
5027,3,-nan,-nan
5028,3,-nan,-nan
5029,3,-nan,-nan
5030,3,-nan,-nan
5031,3,-nan,-nan
5032,3,-nan,-nan
5033,3,-nan,-nan
5034,3,-nan,-nan
5035,3,-nan,-nan
5036,3,-nan,-nan
5037,3,-nan,-nan
5038,3,-nan,-nan
5039,3,-nan,-nan
5040,3,-nan,-nan
5041,3,-nan,-nan
5042,3,-nan,-nan
5043,3,-nan,-nan
5044,3,-nan,-nan
5045,3,-nan,-nan
5046,3,-nan,-nan
5047,3,-nan,-nan
5048,3,-nan,-nan
5049,3,-nan,-nan
5050,3,-nan,-nan
5051,3,-nan,-nan
5052,3,-nan,-nan
5053,3,-nan,-nan
5054,3,-nan,-nan
5055,3,-nan,-nan
5056,3,-nan,-nan
5057,3,-nan,-nan
5058,3,-nan,-nan
5059,3,-nan,-nan
5060,3,-nan,-nan
5061,3,-nan,-nan
5062,3,-nan,-nan
5063,3,-nan,-nan
5064,3,-nan,-nan
5065,3,-nan,-nan
5066,3,-nan,-nan
5067,3,-nan,-nan
5068,3,-nan,-nan
5069,3,-nan,-nan
5070,3,-nan,-nan
5071,3,-nan,-nan
5072,3,-nan,-nan
5073,3,-nan,-nan
5074,3,-nan,-nan
5075,3,-nan,-nan
5076,3,-nan,-nan
5077,3,-nan,-nan
5078,3,-nan,-nan
5079,3,-nan,-nan
5080,3,-nan,-nan
5081,3,-nan,-nan
5082,3,-nan,-nan
5083,3,-nan,-nan
5084,3,-nan,-nan
5085,3,-nan,-nan
5086,3,-nan,-nan
5087,3,-nan,-nan
5088,3,-nan,-nan
5089,3,-nan,-nan
5090,3,-nan,-nan
5091,3,-nan,-nan
5092,3,-nan,-nan
5093,3,-nan,-nan
5094,3,-nan,-nan
5095,3,-nan,-nan
5096,3,-nan,-nan
5097,3,-nan,-nan
5098,3,-nan,-nan
5099,3,-nan,-nan
5100,3,-nan,-nan
5101,3,-nan,-nan
5102,3,-nan,-nan
5103,3,-nan,-nan
5104,3,-nan,-nan
5105,3,-nan,-nan
5106,3,-nan,-nan
5107,3,-nan,-nan
5108,3,-nan,-nan
5109,3,-nan,-nan
5110,3,-nan,-nan
5111,3,-nan,-nan
5112,3,-nan,-nan
5113,3,-nan,-nan
5114,3,-nan,-nan
5115,3,-nan,-nan
5116,3,-nan,-nan
5117,3,-nan,-nan
5118,3,-nan,-nan
5119,3,-nan,-nan
5120,3,-nan,-nan
5121,3,-nan,-nan
5122,3,-nan,-nan
5123,3,-nan,-nan
5124,3,-nan,-nan
5125,3,-nan,-nan
5126,3,-nan,-nan
5127,3,-nan,-nan
5128,3,-nan,-nan
5129,3,-nan,-nan
5130,3,-nan,-nan
5131,3,-nan,-nan
5132,3,-nan,-nan
5133,3,-nan,-nan
5134,3,-nan,-nan
5135,3,-nan,-nan
5136,3,-nan,-nan
5137,3,-nan,-nan
5138,3,-nan,-nan
5139,3,-nan,-nan
5140,3,-nan,-nan
5141,3,-nan,-nan
5142,3,-nan,-nan
5143,3,-nan,-nan
5144,3,-nan,-nan
5145,3,-nan,-nan
5146,3,-nan,-nan
5147,3,-nan,-nan
5148,3,-nan,-nan
5149,3,-nan,-nan
5150,3,-nan,-nan
5151,3,-nan,-nan
5152,3,-nan,-nan
5153,3,-nan,-nan
5154,3,-nan,-nan
5155,3,-nan,-nan
5156,3,-nan,-nan
5157,3,-nan,-nan
5158,3,-nan,-nan
5159,3,-nan,-nan
5160,3,-nan,-nan
5161,3,-nan,-nan
5162,3,-nan,-nan
5163,3,-nan,-nan
5164,3,-nan,-nan
5165,3,-nan,-nan
5166,3,-nan,-nan
5167,3,-nan,-nan
5168,3,-nan,-nan
5169,3,-nan,-nan
5170,3,-nan,-nan
5171,3,-nan,-nan
5172,3,-nan,-nan
5173,3,-nan,-nan
5174,3,-nan,-nan
5175,3,-nan,-nan
5176,3,-nan,-nan
5177,3,-nan,-nan
5178,3,-nan,-nan
5179,3,-nan,-nan
5180,3,-nan,-nan
5181,3,-nan,-nan
5182,3,-nan,-nan
5183,3,-nan,-nan
5184,3,-nan,-nan
5185,3,-nan,-nan
5186,3,-nan,-nan
5187,3,-nan,-nan
5188,3,-nan,-nan
5189,3,-nan,-nan
5190,3,-nan,-nan
5191,3,-nan,-nan
5192,3,-nan,-nan
5193,3,-nan,-nan
5194,3,-nan,-nan
5195,3,-nan,-nan
5196,3,-nan,-nan
5197,3,-nan,-nan
5198,3,-nan,-nan
5199,3,-nan,-nan
5200,3,-nan,-nan
5201,3,-nan,-nan
5202,3,-nan,-nan
5203,3,-nan,-nan
5204,3,-nan,-nan
5205,3,-nan,-nan
5206,3,-nan,-nan
5207,3,-nan,-nan
5208,3,-nan,-nan
5209,3,-nan,-nan
5210,3,-nan,-nan
5211,3,-nan,-nan
5212,3,-nan,-nan
5213,3,-nan,-nan
5214,3,-nan,-nan
5215,3,-nan,-nan
5216,3,-nan,-nan
5217,3,-nan,-nan
5218,3,-nan,-nan
5219,3,-nan,-nan
5220,3,-nan,-nan
5221,3,-nan,-nan
5222,3,-nan,-nan
5223,3,-nan,-nan
5224,3,-nan,-nan
5225,3,-nan,-nan
5226,3,-nan,-nan
5227,3,-nan,-nan
5228,3,-nan,-nan
5229,3,-nan,-nan
5230,3,-nan,-nan
5231,3,-nan,-nan
5232,3,-nan,-nan
5233,3,-nan,-nan
5234,3,-nan,-nan
5235,3,-nan,-nan
5236,3,-nan,-nan
5237,3,-nan,-nan
5238,3,-nan,-nan
5239,3,-nan,-nan
5240,3,-nan,-nan
5241,3,-nan,-nan
5242,3,-nan,-nan
5243,3,-nan,-nan
5244,3,-nan,-nan
5245,3,-nan,-nan
5246,3,-nan,-nan
5247,3,-nan,-nan
5248,3,-nan,-nan
5249,3,-nan,-nan
5250,3,-nan,-nan
5251,3,-nan,-nan
5252,3,-nan,-nan
5253,3,-nan,-nan
5254,3,-nan,-nan
5255,3,-nan,-nan
5256,3,-nan,-nan
5257,3,-nan,-nan
5258,3,-nan,-nan
5259,3,-nan,-nan
5260,3,-nan,-nan
5261,3,-nan,-nan
5262,3,-nan,-nan
5263,3,-nan,-nan
5264,3,-nan,-nan
5265,3,-nan,-nan
5266,3,-nan,-nan
5267,3,-nan,-nan
5268,3,-nan,-nan
5269,3,-nan,-nan
5270,3,-nan,-nan
5271,3,-nan,-nan
5272,3,-nan,-nan
5273,3,-nan,-nan
5274,3,-nan,-nan
5275,3,-nan,-nan
5276,3,-nan,-nan
5277,3,-nan,-nan
5278,3,-nan,-nan
5279,3,-nan,-nan
5280,3,-nan,-nan
5281,3,-nan,-nan
5282,3,-nan,-nan
5283,3,-nan,-nan
5284,3,-nan,-nan
5285,3,-nan,-nan
5286,3,-nan,-nan
5287,3,-nan,-nan
5288,3,-nan,-nan
5289,3,-nan,-nan
5290,3,-nan,-nan
5291,3,-nan,-nan
5292,3,-nan,-nan
5293,3,-nan,-nan
5294,3,-nan,-nan
5295,3,-nan,-nan
5296,3,-nan,-nan
5297,3,-nan,-nan
5298,3,-nan,-nan
5299,3,-nan,-nan
5300,3,-nan,-nan
5301,3,-nan,-nan
5302,3,-nan,-nan
5303,3,-nan,-nan
5304,3,-nan,-nan
5305,3,-nan,-nan
5306,3,-nan,-nan
5307,3,-nan,-nan
5308,3,-nan,-nan
5309,3,-nan,-nan
5310,3,-nan,-nan
5311,3,-nan,-nan
5312,3,-nan,-nan
5313,3,-nan,-nan
5314,3,-nan,-nan
5315,3,-nan,-nan
5316,3,-nan,-nan
5317,3,-nan,-nan
5318,3,-nan,-nan
5319,3,-nan,-nan
5320,3,-nan,-nan
5321,3,-nan,-nan
5322,3,-nan,-nan
5323,3,-nan,-nan
5324,3,-nan,-nan
5325,3,-nan,-nan
5326,3,-nan,-nan
5327,3,-nan,-nan
5328,3,-nan,-nan
5329,3,-nan,-nan
5330,3,-nan,-nan
5331,3,-nan,-nan
5332,3,-nan,-nan
5333,3,-nan,-nan
5334,3,-nan,-nan
5335,3,-nan,-nan
5336,3,-nan,-nan
5337,3,-nan,-nan
5338,3,-nan,-nan
5339,3,-nan,-nan
5340,3,-nan,-nan
5341,3,-nan,-nan
5342,3,-nan,-nan
5343,3,-nan,-nan
5344,3,-nan,-nan
5345,3,-nan,-nan
5346,3,-nan,-nan
5347,3,-nan,-nan
5348,3,-nan,-nan
5349,3,-nan,-nan
5350,3,-nan,-nan
5351,3,-nan,-nan
5352,3,-nan,-nan
5353,3,-nan,-nan
5354,3,-nan,-nan
5355,3,-nan,-nan
5356,3,-nan,-nan
5357,3,-nan,-nan
5358,3,-nan,-nan
5359,3,-nan,-nan
5360,3,-nan,-nan
5361,3,-nan,-nan
5362,3,-nan,-nan
5363,3,-nan,-nan
5364,3,-nan,-nan
5365,3,-nan,-nan
5366,3,-nan,-nan
5367,3,-nan,-nan
5368,3,-nan,-nan
5369,3,-nan,-nan
5370,3,-nan,-nan
5371,3,-nan,-nan
5372,3,-nan,-nan
5373,3,-nan,-nan
5374,3,-nan,-nan
5375,3,-nan,-nan
5376,3,-nan,-nan
5377,3,-nan,-nan
5378,3,-nan,-nan
5379,3,-nan,-nan
5380,3,-nan,-nan
5381,3,-nan,-nan
5382,3,-nan,-nan
5383,3,-nan,-nan
5384,3,-nan,-nan
5385,3,-nan,-nan
5386,3,-nan,-nan
5387,3,-nan,-nan
5388,3,-nan,-nan
5389,3,-nan,-nan
5390,3,-nan,-nan
5391,3,-nan,-nan
5392,3,-nan,-nan
5393,3,-nan,-nan
5394,3,-nan,-nan
5395,3,-nan,-nan
5396,3,-nan,-nan
5397,3,-nan,-nan
5398,3,-nan,-nan
5399,3,-nan,-nan
5400,3,-nan,-nan
5401,3,-nan,-nan
5402,3,-nan,-nan
5403,3,-nan,-nan
5404,3,-nan,-nan
5405,3,-nan,-nan
5406,3,-nan,-nan
5407,3,-nan,-nan
5408,3,-nan,-nan
5409,3,-nan,-nan
5410,3,-nan,-nan
5411,3,-nan,-nan
5412,3,-nan,-nan
5413,3,-nan,-nan
5414,3,-nan,-nan
5415,3,-nan,-nan
5416,3,-nan,-nan
5417,3,-nan,-nan
5418,3,-nan,-nan
5419,3,-nan,-nan
5420,3,-nan,-nan
5421,3,-nan,-nan
5422,3,-nan,-nan
5423,3,-nan,-nan
5424,3,-nan,-nan
5425,3,-nan,-nan
5426,3,-nan,-nan
5427,3,-nan,-nan
5428,3,-nan,-nan
5429,3,-nan,-nan
5430,3,-nan,-nan
5431,3,-nan,-nan
5432,3,-nan,-nan
5433,3,-nan,-nan
5434,3,-nan,-nan
5435,3,-nan,-nan
5436,3,-nan,-nan
5437,3,-nan,-nan
5438,3,-nan,-nan
5439,3,-nan,-nan
5440,3,-nan,-nan
5441,3,-nan,-nan
5442,3,-nan,-nan
5443,3,-nan,-nan
5444,3,-nan,-nan
5445,3,-nan,-nan
5446,3,-nan,-nan
5447,3,-nan,-nan
5448,3,-nan,-nan
5449,3,-nan,-nan
5450,3,-nan,-nan
5451,3,-nan,-nan
5452,3,-nan,-nan
5453,3,-nan,-nan
5454,3,-nan,-nan
5455,3,-nan,-nan
5456,3,-nan,-nan
5457,3,-nan,-nan
5458,3,-nan,-nan
5459,3,-nan,-nan
5460,3,-nan,-nan
5461,3,-nan,-nan
5462,3,-nan,-nan
5463,3,-nan,-nan
5464,3,-nan,-nan
5465,3,-nan,-nan
5466,3,-nan,-nan
5467,3,-nan,-nan
5468,3,-nan,-nan
5469,3,-nan,-nan
5470,3,-nan,-nan
5471,3,-nan,-nan
5472,3,-nan,-nan
5473,3,-nan,-nan
5474,3,-nan,-nan
5475,3,-nan,-nan
5476,3,-nan,-nan
5477,3,-nan,-nan
5478,3,-nan,-nan
5479,3,-nan,-nan
5480,3,-nan,-nan
5481,3,-nan,-nan
5482,3,-nan,-nan
5483,3,-nan,-nan
5484,3,-nan,-nan
5485,3,-nan,-nan
5486,3,-nan,-nan
5487,3,-nan,-nan
5488,3,-nan,-nan
5489,3,-nan,-nan
5490,3,-nan,-nan
5491,3,-nan,-nan
5492,3,-nan,-nan
5493,3,-nan,-nan
5494,3,-nan,-nan
5495,3,-nan,-nan
5496,3,-nan,-nan
5497,3,-nan,-nan
5498,3,-nan,-nan
5499,3,-nan,-nan
5500,3,-nan,-nan
5501,3,-nan,-nan
5502,3,-nan,-nan
5503,3,-nan,-nan
5504,3,-nan,-nan
5505,3,-nan,-nan
5506,3,-nan,-nan
5507,3,-nan,-nan
5508,3,-nan,-nan
5509,3,-nan,-nan
5510,3,-nan,-nan
5511,3,-nan,-nan
5512,3,-nan,-nan
5513,3,-nan,-nan
5514,3,-nan,-nan
5515,3,-nan,-nan
5516,3,-nan,-nan
5517,3,-nan,-nan
5518,3,-nan,-nan
5519,3,-nan,-nan
5520,3,-nan,-nan
5521,3,-nan,-nan
5522,3,-nan,-nan
5523,3,-nan,-nan
5524,3,-nan,-nan
5525,3,-nan,-nan
5526,3,-nan,-nan
5527,3,-nan,-nan
5528,3,-nan,-nan
5529,3,-nan,-nan
5530,3,-nan,-nan
5531,3,-nan,-nan
5532,3,-nan,-nan
5533,3,-nan,-nan
5534,3,-nan,-nan
5535,3,-nan,-nan
5536,3,-nan,-nan
5537,3,-nan,-nan
5538,3,-nan,-nan
5539,3,-nan,-nan
5540,3,-nan,-nan
5541,3,-nan,-nan
5542,3,-nan,-nan
5543,3,-nan,-nan
5544,3,-nan,-nan
5545,3,-nan,-nan
5546,3,-nan,-nan
5547,3,-nan,-nan
5548,3,-nan,-nan
5549,3,-nan,-nan
5550,3,-nan,-nan
5551,3,-nan,-nan
5552,3,-nan,-nan
5553,3,-nan,-nan
5554,3,-nan,-nan
5555,3,-nan,-nan
5556,3,-nan,-nan
5557,3,-nan,-nan
5558,3,-nan,-nan
5559,3,-nan,-nan
5560,3,-nan,-nan
5561,3,-nan,-nan
5562,3,-nan,-nan
5563,3,-nan,-nan
5564,3,-nan,-nan
5565,3,-nan,-nan
5566,3,-nan,-nan
5567,3,-nan,-nan
5568,3,-nan,-nan
5569,3,-nan,-nan
5570,3,-nan,-nan
5571,3,-nan,-nan
5572,3,-nan,-nan
5573,3,-nan,-nan
5574,3,-nan,-nan
5575,3,-nan,-nan
5576,3,-nan,-nan
5577,3,-nan,-nan
5578,3,-nan,-nan
5579,3,-nan,-nan
5580,3,-nan,-nan
5581,3,-nan,-nan
5582,3,-nan,-nan
5583,3,-nan,-nan
5584,3,-nan,-nan
5585,3,-nan,-nan
5586,3,-nan,-nan
5587,3,-nan,-nan
5588,3,-nan,-nan
5589,3,-nan,-nan
5590,3,-nan,-nan
5591,3,-nan,-nan
5592,3,-nan,-nan
5593,3,-nan,-nan
5594,3,-nan,-nan
5595,3,-nan,-nan
5596,3,-nan,-nan
5597,3,-nan,-nan
5598,3,-nan,-nan
5599,3,-nan,-nan
5600,3,-nan,-nan
5601,3,-nan,-nan
5602,3,-nan,-nan
5603,3,-nan,-nan
5604,3,-nan,-nan
5605,3,-nan,-nan
5606,3,-nan,-nan
5607,3,-nan,-nan
5608,3,-nan,-nan
5609,3,-nan,-nan
5610,3,-nan,-nan
5611,3,-nan,-nan
5612,3,-nan,-nan
5613,3,-nan,-nan
5614,3,-nan,-nan
5615,3,-nan,-nan
5616,3,-nan,-nan
5617,3,-nan,-nan
5618,3,-nan,-nan
5619,3,-nan,-nan
5620,3,-nan,-nan
5621,3,-nan,-nan
5622,3,-nan,-nan
5623,3,-nan,-nan
5624,3,-nan,-nan
5625,3,-nan,-nan
5626,3,-nan,-nan
5627,3,-nan,-nan
5628,3,-nan,-nan
5629,3,-nan,-nan
5630,3,-nan,-nan
5631,3,-nan,-nan
5632,3,-nan,-nan
5633,3,-nan,-nan
5634,3,-nan,-nan
5635,3,-nan,-nan
5636,3,-nan,-nan
5637,3,-nan,-nan
5638,3,-nan,-nan
5639,3,-nan,-nan
5640,3,-nan,-nan
5641,3,-nan,-nan
5642,3,-nan,-nan
5643,3,-nan,-nan
5644,3,-nan,-nan
5645,3,-nan,-nan
5646,3,-nan,-nan
5647,3,-nan,-nan
5648,3,-nan,-nan
5649,3,-nan,-nan
5650,3,-nan,-nan
5651,3,-nan,-nan
5652,3,-nan,-nan
5653,3,-nan,-nan
5654,3,-nan,-nan
5655,3,-nan,-nan
5656,3,-nan,-nan
5657,3,-nan,-nan
5658,3,-nan,-nan
5659,3,-nan,-nan
5660,3,-nan,-nan
5661,3,-nan,-nan
5662,3,-nan,-nan
5663,3,-nan,-nan
5664,3,-nan,-nan
5665,3,-nan,-nan
5666,3,-nan,-nan
5667,3,-nan,-nan
5668,3,-nan,-nan
5669,3,-nan,-nan
5670,3,-nan,-nan
5671,3,-nan,-nan
5672,3,-nan,-nan
5673,3,-nan,-nan
5674,3,-nan,-nan
5675,3,-nan,-nan
5676,3,-nan,-nan
5677,3,-nan,-nan
5678,3,-nan,-nan
5679,3,-nan,-nan
5680,3,-nan,-nan
5681,3,-nan,-nan
5682,3,-nan,-nan
5683,3,-nan,-nan
5684,3,-nan,-nan
5685,3,-nan,-nan
5686,3,-nan,-nan
5687,3,-nan,-nan
5688,3,-nan,-nan
5689,3,-nan,-nan
5690,3,-nan,-nan
5691,3,-nan,-nan
5692,3,-nan,-nan
5693,3,-nan,-nan
5694,3,-nan,-nan
5695,3,-nan,-nan
5696,3,-nan,-nan
5697,3,-nan,-nan
5698,3,-nan,-nan
5699,3,-nan,-nan
5700,3,-nan,-nan
5701,3,-nan,-nan
5702,3,-nan,-nan
5703,3,-nan,-nan
5704,3,-nan,-nan
5705,3,-nan,-nan
5706,3,-nan,-nan
5707,3,-nan,-nan
5708,3,-nan,-nan
5709,3,-nan,-nan
5710,3,-nan,-nan
5711,3,-nan,-nan
5712,3,-nan,-nan
5713,3,-nan,-nan
5714,3,-nan,-nan
5715,3,-nan,-nan
5716,3,-nan,-nan
5717,3,-nan,-nan
5718,3,-nan,-nan
5719,3,-nan,-nan
5720,3,-nan,-nan
5721,3,-nan,-nan
5722,3,-nan,-nan
5723,3,-nan,-nan
5724,3,-nan,-nan
5725,3,-nan,-nan
5726,3,-nan,-nan
5727,3,-nan,-nan
5728,3,-nan,-nan
5729,3,-nan,-nan
5730,3,-nan,-nan
5731,3,-nan,-nan
5732,3,-nan,-nan
5733,3,-nan,-nan
5734,3,-nan,-nan
5735,3,-nan,-nan
5736,3,-nan,-nan
5737,3,-nan,-nan
5738,3,-nan,-nan
5739,3,-nan,-nan
5740,3,-nan,-nan
5741,3,-nan,-nan
5742,3,-nan,-nan
5743,3,-nan,-nan
5744,3,-nan,-nan
5745,3,-nan,-nan
5746,3,-nan,-nan
5747,3,-nan,-nan
5748,3,-nan,-nan
5749,3,-nan,-nan
5750,3,-nan,-nan
5751,3,-nan,-nan
5752,3,-nan,-nan
5753,3,-nan,-nan
5754,3,-nan,-nan
5755,3,-nan,-nan
5756,3,-nan,-nan
5757,3,-nan,-nan
5758,3,-nan,-nan
5759,3,-nan,-nan
5760,3,-nan,-nan
5761,3,-nan,-nan
5762,3,-nan,-nan
5763,3,-nan,-nan
5764,3,-nan,-nan
5765,3,-nan,-nan
5766,3,-nan,-nan
5767,3,-nan,-nan
5768,3,-nan,-nan
5769,3,-nan,-nan
5770,3,-nan,-nan
5771,3,-nan,-nan
5772,3,-nan,-nan
5773,3,-nan,-nan
5774,3,-nan,-nan
5775,3,-nan,-nan
5776,3,-nan,-nan
5777,3,-nan,-nan
5778,3,-nan,-nan
5779,3,-nan,-nan
5780,3,-nan,-nan
5781,3,-nan,-nan
5782,3,-nan,-nan
5783,3,-nan,-nan
5784,3,-nan,-nan
5785,3,-nan,-nan
5786,3,-nan,-nan
5787,3,-nan,-nan
5788,3,-nan,-nan
5789,3,-nan,-nan
5790,3,-nan,-nan
5791,3,-nan,-nan
5792,3,-nan,-nan
5793,3,-nan,-nan
5794,3,-nan,-nan
5795,3,-nan,-nan
5796,3,-nan,-nan
5797,3,-nan,-nan
5798,3,-nan,-nan
5799,3,-nan,-nan
5800,3,-nan,-nan
5801,3,-nan,-nan
5802,3,-nan,-nan
5803,3,-nan,-nan
5804,3,-nan,-nan
5805,3,-nan,-nan
5806,3,-nan,-nan
5807,3,-nan,-nan
5808,3,-nan,-nan
5809,3,-nan,-nan
5810,3,-nan,-nan
5811,3,-nan,-nan
5812,3,-nan,-nan
5813,3,-nan,-nan
5814,3,-nan,-nan
5815,3,-nan,-nan
5816,3,-nan,-nan
5817,3,-nan,-nan
5818,3,-nan,-nan
5819,3,-nan,-nan
5820,3,-nan,-nan
5821,3,-nan,-nan
5822,3,-nan,-nan
5823,3,-nan,-nan
5824,3,-nan,-nan
5825,3,-nan,-nan
5826,3,-nan,-nan
5827,3,-nan,-nan
5828,3,-nan,-nan
5829,3,-nan,-nan
5830,3,-nan,-nan
5831,3,-nan,-nan
5832,3,-nan,-nan
5833,3,-nan,-nan
5834,3,-nan,-nan
5835,3,-nan,-nan
5836,3,-nan,-nan
5837,3,-nan,-nan
5838,3,-nan,-nan
5839,3,-nan,-nan
5840,3,-nan,-nan
5841,3,-nan,-nan
5842,3,-nan,-nan
5843,3,-nan,-nan
5844,3,-nan,-nan
5845,3,-nan,-nan
5846,3,-nan,-nan
5847,3,-nan,-nan
5848,3,-nan,-nan
5849,3,-nan,-nan
5850,3,-nan,-nan
5851,3,-nan,-nan
5852,3,-nan,-nan
5853,3,-nan,-nan
5854,3,-nan,-nan
5855,3,-nan,-nan
5856,3,-nan,-nan
5857,3,-nan,-nan
5858,3,-nan,-nan
5859,3,-nan,-nan
5860,3,-nan,-nan
5861,3,-nan,-nan
5862,3,-nan,-nan
5863,3,-nan,-nan
5864,3,-nan,-nan
5865,3,-nan,-nan
5866,3,-nan,-nan
5867,3,-nan,-nan
5868,3,-nan,-nan
5869,3,-nan,-nan
5870,3,-nan,-nan
5871,3,-nan,-nan
5872,3,-nan,-nan
5873,3,-nan,-nan
5874,3,-nan,-nan
5875,3,-nan,-nan
5876,3,-nan,-nan
5877,3,-nan,-nan
5878,3,-nan,-nan
5879,3,-nan,-nan
5880,3,-nan,-nan
5881,3,-nan,-nan
5882,3,-nan,-nan
5883,3,-nan,-nan
5884,3,-nan,-nan
5885,3,-nan,-nan
5886,3,-nan,-nan
5887,3,-nan,-nan
5888,3,-nan,-nan
5889,3,-nan,-nan
5890,3,-nan,-nan
5891,3,-nan,-nan
5892,3,-nan,-nan
5893,3,-nan,-nan
5894,3,-nan,-nan
5895,3,-nan,-nan
5896,3,-nan,-nan
5897,3,-nan,-nan
5898,3,-nan,-nan
5899,3,-nan,-nan
5900,3,-nan,-nan
5901,3,-nan,-nan
5902,3,-nan,-nan
5903,3,-nan,-nan
5904,3,-nan,-nan
5905,3,-nan,-nan
5906,3,-nan,-nan
5907,3,-nan,-nan
5908,3,-nan,-nan
5909,3,-nan,-nan
5910,3,-nan,-nan
5911,3,-nan,-nan
5912,3,-nan,-nan
5913,3,-nan,-nan
5914,3,-nan,-nan
5915,3,-nan,-nan
5916,3,-nan,-nan
5917,3,-nan,-nan
5918,3,-nan,-nan
5919,3,-nan,-nan
5920,3,-nan,-nan
5921,3,-nan,-nan
5922,3,-nan,-nan
5923,3,-nan,-nan
5924,3,-nan,-nan
5925,3,-nan,-nan
5926,3,-nan,-nan
5927,3,-nan,-nan
5928,3,-nan,-nan
5929,3,-nan,-nan
5930,3,-nan,-nan
5931,3,-nan,-nan
5932,3,-nan,-nan
5933,3,-nan,-nan
5934,3,-nan,-nan
5935,3,-nan,-nan
5936,3,-nan,-nan
5937,3,-nan,-nan
5938,3,-nan,-nan
5939,3,-nan,-nan
5940,3,-nan,-nan
5941,3,-nan,-nan
5942,3,-nan,-nan
5943,3,-nan,-nan
5944,3,-nan,-nan
5945,3,-nan,-nan
5946,3,-nan,-nan
5947,3,-nan,-nan
5948,3,-nan,-nan
5949,3,-nan,-nan
5950,3,-nan,-nan
5951,3,-nan,-nan
5952,3,-nan,-nan
5953,3,-nan,-nan
5954,3,-nan,-nan
5955,3,-nan,-nan
5956,3,-nan,-nan
5957,3,-nan,-nan
5958,3,-nan,-nan
5959,3,-nan,-nan
5960,3,-nan,-nan
5961,3,-nan,-nan
5962,3,-nan,-nan
5963,3,-nan,-nan
5964,3,-nan,-nan
5965,3,-nan,-nan
5966,3,-nan,-nan
5967,3,-nan,-nan
5968,3,-nan,-nan
5969,3,-nan,-nan
5970,3,-nan,-nan
5971,3,-nan,-nan
5972,3,-nan,-nan
5973,3,-nan,-nan
5974,3,-nan,-nan
5975,3,-nan,-nan
5976,3,-nan,-nan
5977,3,-nan,-nan
5978,3,-nan,-nan
5979,3,-nan,-nan
5980,3,-nan,-nan
5981,3,-nan,-nan
5982,3,-nan,-nan
5983,3,-nan,-nan
5984,3,-nan,-nan
5985,3,-nan,-nan
5986,3,-nan,-nan
5987,3,-nan,-nan
5988,3,-nan,-nan
5989,3,-nan,-nan
5990,3,-nan,-nan
5991,3,-nan,-nan
5992,3,-nan,-nan
5993,3,-nan,-nan
5994,3,-nan,-nan
5995,3,-nan,-nan
5996,3,-nan,-nan
5997,3,-nan,-nan
5998,3,-nan,-nan
5999,3,-nan,-nan
6000,3,-nan,-nan
6001,3,-nan,-nan
6002,3,-nan,-nan
6003,3,-nan,-nan
6004,3,-nan,-nan
6005,3,-nan,-nan
6006,3,-nan,-nan
6007,3,-nan,-nan
6008,3,-nan,-nan
6009,3,-nan,-nan
6010,3,-nan,-nan
6011,3,-nan,-nan
6012,3,-nan,-nan
6013,3,-nan,-nan
6014,3,-nan,-nan
6015,3,-nan,-nan
6016,3,-nan,-nan
6017,3,-nan,-nan
6018,3,-nan,-nan
6019,3,-nan,-nan
6020,3,-nan,-nan
6021,3,-nan,-nan
6022,3,-nan,-nan
6023,3,-nan,-nan
6024,3,-nan,-nan
6025,3,-nan,-nan
6026,3,-nan,-nan
6027,3,-nan,-nan
6028,3,-nan,-nan
6029,3,-nan,-nan
6030,3,-nan,-nan
6031,3,-nan,-nan
6032,3,-nan,-nan
6033,3,-nan,-nan
6034,3,-nan,-nan
6035,3,-nan,-nan
6036,3,-nan,-nan
6037,3,-nan,-nan
6038,3,-nan,-nan
6039,3,-nan,-nan
6040,3,-nan,-nan
6041,3,-nan,-nan
6042,3,-nan,-nan
6043,3,-nan,-nan
6044,3,-nan,-nan
6045,3,-nan,-nan
6046,3,-nan,-nan
6047,3,-nan,-nan
6048,3,-nan,-nan
6049,3,-nan,-nan
6050,3,-nan,-nan
6051,3,-nan,-nan
6052,3,-nan,-nan
6053,3,-nan,-nan
6054,3,-nan,-nan
6055,3,-nan,-nan
6056,3,-nan,-nan
6057,3,-nan,-nan
6058,3,-nan,-nan
6059,3,-nan,-nan
6060,3,-nan,-nan
6061,3,-nan,-nan
6062,3,-nan,-nan
6063,3,-nan,-nan
6064,3,-nan,-nan
6065,3,-nan,-nan
6066,3,-nan,-nan
6067,3,-nan,-nan
6068,3,-nan,-nan
6069,3,-nan,-nan
6070,3,-nan,-nan
6071,3,-nan,-nan
6072,3,-nan,-nan
6073,3,-nan,-nan
6074,3,-nan,-nan
6075,3,-nan,-nan
6076,3,-nan,-nan
6077,3,-nan,-nan
6078,3,-nan,-nan
6079,3,-nan,-nan
6080,3,-nan,-nan
6081,3,-nan,-nan
6082,3,-nan,-nan
6083,3,-nan,-nan
6084,3,-nan,-nan
6085,3,-nan,-nan
6086,3,-nan,-nan
6087,3,-nan,-nan
6088,3,-nan,-nan
6089,3,-nan,-nan
6090,3,-nan,-nan
6091,3,-nan,-nan
6092,3,-nan,-nan
6093,3,-nan,-nan
6094,3,-nan,-nan
6095,3,-nan,-nan
6096,3,-nan,-nan
6097,3,-nan,-nan
6098,3,-nan,-nan
6099,3,-nan,-nan
6100,3,-nan,-nan
6101,3,-nan,-nan
6102,3,-nan,-nan
6103,3,-nan,-nan
6104,3,-nan,-nan
6105,3,-nan,-nan
6106,3,-nan,-nan
6107,3,-nan,-nan
6108,3,-nan,-nan
6109,3,-nan,-nan
6110,3,-nan,-nan
6111,3,-nan,-nan
6112,3,-nan,-nan
6113,3,-nan,-nan
6114,3,-nan,-nan
6115,3,-nan,-nan
6116,3,-nan,-nan
6117,3,-nan,-nan
6118,3,-nan,-nan
6119,3,-nan,-nan
6120,3,-nan,-nan
6121,3,-nan,-nan
6122,3,-nan,-nan
6123,3,-nan,-nan
6124,3,-nan,-nan
6125,3,-nan,-nan
6126,3,-nan,-nan
6127,3,-nan,-nan
6128,3,-nan,-nan
6129,3,-nan,-nan
6130,3,-nan,-nan
6131,3,-nan,-nan
6132,3,-nan,-nan
6133,3,-nan,-nan
6134,3,-nan,-nan
6135,3,-nan,-nan
6136,3,-nan,-nan
6137,3,-nan,-nan
6138,3,-nan,-nan
6139,3,-nan,-nan
6140,3,-nan,-nan
6141,3,-nan,-nan
6142,3,-nan,-nan
6143,3,-nan,-nan
6144,3,-nan,-nan
6145,3,-nan,-nan
6146,3,-nan,-nan
6147,3,-nan,-nan
6148,3,-nan,-nan
6149,3,-nan,-nan
6150,3,-nan,-nan
6151,3,-nan,-nan
6152,3,-nan,-nan
6153,3,-nan,-nan
6154,3,-nan,-nan
6155,3,-nan,-nan
6156,3,-nan,-nan
6157,3,-nan,-nan
6158,3,-nan,-nan
6159,3,-nan,-nan
6160,3,-nan,-nan
6161,3,-nan,-nan
6162,3,-nan,-nan
6163,3,-nan,-nan
6164,3,-nan,-nan
6165,3,-nan,-nan
6166,3,-nan,-nan
6167,3,-nan,-nan
6168,3,-nan,-nan
6169,3,-nan,-nan
6170,3,-nan,-nan
6171,3,-nan,-nan
6172,3,-nan,-nan
6173,3,-nan,-nan
6174,3,-nan,-nan
6175,3,-nan,-nan
6176,3,-nan,-nan
6177,3,-nan,-nan
6178,3,-nan,-nan
6179,3,-nan,-nan
6180,3,-nan,-nan
6181,3,-nan,-nan
6182,3,-nan,-nan
6183,3,-nan,-nan
6184,3,-nan,-nan
6185,3,-nan,-nan
6186,3,-nan,-nan
6187,3,-nan,-nan
6188,3,-nan,-nan
6189,3,-nan,-nan
6190,3,-nan,-nan
6191,3,-nan,-nan
6192,3,-nan,-nan
6193,3,-nan,-nan
6194,3,-nan,-nan
6195,3,-nan,-nan
6196,3,-nan,-nan
6197,3,-nan,-nan
6198,3,-nan,-nan
6199,3,-nan,-nan
6200,3,-nan,-nan
6201,3,-nan,-nan
6202,3,-nan,-nan
6203,3,-nan,-nan
6204,3,-nan,-nan
6205,3,-nan,-nan
6206,3,-nan,-nan
6207,3,-nan,-nan
6208,3,-nan,-nan
6209,3,-nan,-nan
6210,3,-nan,-nan
6211,3,-nan,-nan
6212,3,-nan,-nan
6213,3,-nan,-nan
6214,3,-nan,-nan
6215,3,-nan,-nan
6216,3,-nan,-nan
6217,3,-nan,-nan
6218,3,-nan,-nan
6219,3,-nan,-nan
6220,3,-nan,-nan
6221,3,-nan,-nan
6222,3,-nan,-nan
6223,3,-nan,-nan
6224,3,-nan,-nan
6225,3,-nan,-nan
6226,3,-nan,-nan
6227,3,-nan,-nan
6228,3,-nan,-nan
6229,3,-nan,-nan
6230,3,-nan,-nan
6231,3,-nan,-nan
6232,3,-nan,-nan
6233,3,-nan,-nan
6234,3,-nan,-nan
6235,3,-nan,-nan
6236,3,-nan,-nan
6237,3,-nan,-nan
6238,3,-nan,-nan
6239,3,-nan,-nan
6240,3,-nan,-nan
6241,3,-nan,-nan
6242,3,-nan,-nan
6243,3,-nan,-nan
6244,3,-nan,-nan
6245,3,-nan,-nan
6246,3,-nan,-nan
6247,3,-nan,-nan
6248,3,-nan,-nan
6249,3,-nan,-nan
6250,3,-nan,-nan
6251,3,-nan,-nan
6252,3,-nan,-nan
6253,3,-nan,-nan
6254,3,-nan,-nan
6255,3,-nan,-nan
6256,3,-nan,-nan
6257,3,-nan,-nan
6258,3,-nan,-nan
6259,3,-nan,-nan
6260,3,-nan,-nan
6261,3,-nan,-nan
6262,3,-nan,-nan
6263,3,-nan,-nan
6264,3,-nan,-nan
6265,3,-nan,-nan
6266,3,-nan,-nan
6267,3,-nan,-nan
6268,3,-nan,-nan
6269,3,-nan,-nan
6270,3,-nan,-nan
6271,3,-nan,-nan
6272,3,-nan,-nan
6273,3,-nan,-nan
6274,3,-nan,-nan
6275,3,-nan,-nan
6276,3,-nan,-nan
6277,3,-nan,-nan
6278,3,-nan,-nan
6279,3,-nan,-nan
6280,3,-nan,-nan
6281,3,-nan,-nan
6282,3,-nan,-nan
6283,3,-nan,-nan
6284,3,-nan,-nan
6285,3,-nan,-nan
6286,3,-nan,-nan
6287,3,-nan,-nan
6288,3,-nan,-nan
6289,3,-nan,-nan
6290,3,-nan,-nan
6291,3,-nan,-nan
6292,3,-nan,-nan
6293,3,-nan,-nan
6294,3,-nan,-nan
6295,3,-nan,-nan
6296,3,-nan,-nan
6297,3,-nan,-nan
6298,3,-nan,-nan
6299,3,-nan,-nan
6300,3,-nan,-nan
6301,3,-nan,-nan
6302,3,-nan,-nan
6303,3,-nan,-nan
6304,3,-nan,-nan
6305,3,-nan,-nan
6306,3,-nan,-nan
6307,3,-nan,-nan
6308,3,-nan,-nan
6309,3,-nan,-nan
6310,3,-nan,-nan
6311,3,-nan,-nan
6312,3,-nan,-nan
6313,3,-nan,-nan
6314,3,-nan,-nan
6315,3,-nan,-nan
6316,3,-nan,-nan
6317,3,-nan,-nan
6318,3,-nan,-nan
6319,3,-nan,-nan
6320,3,-nan,-nan
6321,3,-nan,-nan
6322,3,-nan,-nan
6323,3,-nan,-nan
6324,3,-nan,-nan
6325,3,-nan,-nan
6326,3,-nan,-nan
6327,3,-nan,-nan
6328,3,-nan,-nan
6329,3,-nan,-nan
6330,3,-nan,-nan
6331,3,-nan,-nan
6332,3,-nan,-nan
6333,3,-nan,-nan
6334,3,-nan,-nan
6335,3,-nan,-nan
6336,3,-nan,-nan
6337,3,-nan,-nan
6338,3,-nan,-nan
6339,3,-nan,-nan
6340,3,-nan,-nan
6341,3,-nan,-nan
6342,3,-nan,-nan
6343,3,-nan,-nan
6344,3,-nan,-nan
6345,3,-nan,-nan
6346,3,-nan,-nan
6347,3,-nan,-nan
6348,3,-nan,-nan
6349,3,-nan,-nan
6350,3,-nan,-nan
6351,3,-nan,-nan
6352,3,-nan,-nan
6353,3,-nan,-nan
6354,3,-nan,-nan
6355,3,-nan,-nan
6356,3,-nan,-nan
6357,3,-nan,-nan
6358,3,-nan,-nan
6359,3,-nan,-nan
6360,3,-nan,-nan
6361,3,-nan,-nan
6362,3,-nan,-nan
6363,3,-nan,-nan
6364,3,-nan,-nan
6365,3,-nan,-nan
6366,3,-nan,-nan
6367,3,-nan,-nan
6368,3,-nan,-nan
6369,3,-nan,-nan
6370,3,-nan,-nan
6371,3,-nan,-nan
6372,3,-nan,-nan
6373,3,-nan,-nan
6374,3,-nan,-nan
6375,3,-nan,-nan
6376,3,-nan,-nan
6377,3,-nan,-nan
6378,3,-nan,-nan
6379,3,-nan,-nan
6380,3,-nan,-nan
6381,3,-nan,-nan
6382,3,-nan,-nan
6383,3,-nan,-nan
6384,3,-nan,-nan
6385,3,-nan,-nan
6386,3,-nan,-nan
6387,3,-nan,-nan
6388,3,-nan,-nan
6389,3,-nan,-nan
6390,3,-nan,-nan
6391,3,-nan,-nan
6392,3,-nan,-nan
6393,3,-nan,-nan
6394,3,-nan,-nan
6395,3,-nan,-nan
6396,3,-nan,-nan
6397,3,-nan,-nan
6398,3,-nan,-nan
6399,3,-nan,-nan
6400,3,-nan,-nan
6401,3,-nan,-nan
6402,3,-nan,-nan
6403,3,-nan,-nan
6404,3,-nan,-nan
6405,3,-nan,-nan
6406,3,-nan,-nan
6407,3,-nan,-nan
6408,3,-nan,-nan
6409,3,-nan,-nan
6410,3,-nan,-nan
6411,3,-nan,-nan
6412,3,-nan,-nan
6413,3,-nan,-nan
6414,3,-nan,-nan
6415,3,-nan,-nan
6416,3,-nan,-nan
6417,3,-nan,-nan
6418,3,-nan,-nan
6419,3,-nan,-nan
6420,3,-nan,-nan
6421,3,-nan,-nan
6422,3,-nan,-nan
6423,3,-nan,-nan
6424,3,-nan,-nan
6425,3,-nan,-nan
6426,3,-nan,-nan
6427,3,-nan,-nan
6428,3,-nan,-nan
6429,3,-nan,-nan
6430,3,-nan,-nan
6431,3,-nan,-nan
6432,3,-nan,-nan
6433,3,-nan,-nan
6434,3,-nan,-nan
6435,3,-nan,-nan
6436,3,-nan,-nan
6437,3,-nan,-nan
6438,3,-nan,-nan
6439,3,-nan,-nan
6440,3,-nan,-nan
6441,3,-nan,-nan
6442,3,-nan,-nan
6443,3,-nan,-nan
6444,3,-nan,-nan
6445,3,-nan,-nan
6446,3,-nan,-nan
6447,3,-nan,-nan
6448,3,-nan,-nan
6449,3,-nan,-nan
6450,3,-nan,-nan
6451,3,-nan,-nan
6452,3,-nan,-nan
6453,3,-nan,-nan
6454,3,-nan,-nan
6455,3,-nan,-nan
6456,3,-nan,-nan
6457,3,-nan,-nan
6458,3,-nan,-nan
6459,3,-nan,-nan
6460,3,-nan,-nan
6461,3,-nan,-nan
6462,3,-nan,-nan
6463,3,-nan,-nan
6464,3,-nan,-nan
6465,3,-nan,-nan
6466,3,-nan,-nan
6467,3,-nan,-nan
6468,3,-nan,-nan
6469,3,-nan,-nan
6470,3,-nan,-nan
6471,3,-nan,-nan
6472,3,-nan,-nan
6473,3,-nan,-nan
6474,3,-nan,-nan
6475,3,-nan,-nan
6476,3,-nan,-nan
6477,3,-nan,-nan
6478,3,-nan,-nan
6479,3,-nan,-nan
6480,3,-nan,-nan
6481,3,-nan,-nan
6482,3,-nan,-nan
6483,3,-nan,-nan
6484,3,-nan,-nan
6485,3,-nan,-nan
6486,3,-nan,-nan
6487,3,-nan,-nan
6488,3,-nan,-nan
6489,3,-nan,-nan
6490,3,-nan,-nan
6491,3,-nan,-nan
6492,3,-nan,-nan
6493,3,-nan,-nan
6494,3,-nan,-nan
6495,3,-nan,-nan
6496,3,-nan,-nan
6497,3,-nan,-nan
6498,3,-nan,-nan
6499,3,-nan,-nan
6500,3,-nan,-nan
6501,3,-nan,-nan
6502,3,-nan,-nan
6503,3,-nan,-nan
6504,3,-nan,-nan
6505,3,-nan,-nan
6506,3,-nan,-nan
6507,3,-nan,-nan
6508,3,-nan,-nan
6509,3,-nan,-nan
6510,3,-nan,-nan
6511,3,-nan,-nan
6512,3,-nan,-nan
6513,3,-nan,-nan
6514,3,-nan,-nan
6515,3,-nan,-nan
6516,3,-nan,-nan
6517,3,-nan,-nan
6518,3,-nan,-nan
6519,3,-nan,-nan
6520,3,-nan,-nan
6521,3,-nan,-nan
6522,3,-nan,-nan
6523,3,-nan,-nan
6524,3,-nan,-nan
6525,3,-nan,-nan
6526,3,-nan,-nan
6527,3,-nan,-nan
6528,3,-nan,-nan
6529,3,-nan,-nan
6530,3,-nan,-nan
6531,3,-nan,-nan
6532,3,-nan,-nan
6533,3,-nan,-nan
6534,3,-nan,-nan
6535,3,-nan,-nan
6536,3,-nan,-nan
6537,3,-nan,-nan
6538,3,-nan,-nan
6539,3,-nan,-nan
6540,3,-nan,-nan
6541,3,-nan,-nan
6542,3,-nan,-nan
6543,3,-nan,-nan
6544,3,-nan,-nan
6545,3,-nan,-nan
6546,3,-nan,-nan
6547,3,-nan,-nan
6548,3,-nan,-nan
6549,3,-nan,-nan
6550,3,-nan,-nan
6551,3,-nan,-nan
6552,3,-nan,-nan
6553,3,-nan,-nan
6554,3,-nan,-nan
6555,3,-nan,-nan
6556,3,-nan,-nan
6557,3,-nan,-nan
6558,3,-nan,-nan
6559,3,-nan,-nan
6560,3,-nan,-nan
6561,3,-nan,-nan
6562,3,-nan,-nan
6563,3,-nan,-nan
6564,3,-nan,-nan
6565,3,-nan,-nan
6566,3,-nan,-nan
6567,3,-nan,-nan
6568,3,-nan,-nan
6569,3,-nan,-nan
6570,3,-nan,-nan
6571,3,-nan,-nan
6572,3,-nan,-nan
6573,3,-nan,-nan
6574,3,-nan,-nan
6575,3,-nan,-nan
6576,3,-nan,-nan
6577,3,-nan,-nan
6578,3,-nan,-nan
6579,3,-nan,-nan
6580,3,-nan,-nan
6581,3,-nan,-nan
6582,3,-nan,-nan
6583,3,-nan,-nan
6584,3,-nan,-nan
6585,3,-nan,-nan
6586,3,-nan,-nan
6587,3,-nan,-nan
6588,3,-nan,-nan
6589,3,-nan,-nan
6590,3,-nan,-nan
6591,3,-nan,-nan
6592,3,-nan,-nan
6593,3,-nan,-nan
6594,3,-nan,-nan
6595,3,-nan,-nan
6596,3,-nan,-nan
6597,3,-nan,-nan
6598,3,-nan,-nan
6599,3,-nan,-nan
6600,3,-nan,-nan
6601,3,-nan,-nan
6602,3,-nan,-nan
6603,3,-nan,-nan
6604,3,-nan,-nan
6605,3,-nan,-nan
6606,3,-nan,-nan
6607,3,-nan,-nan
6608,3,-nan,-nan
6609,3,-nan,-nan
6610,3,-nan,-nan
6611,3,-nan,-nan
6612,3,-nan,-nan
6613,3,-nan,-nan
6614,3,-nan,-nan
6615,3,-nan,-nan
6616,3,-nan,-nan
6617,3,-nan,-nan
6618,3,-nan,-nan
6619,3,-nan,-nan
6620,3,-nan,-nan
6621,3,-nan,-nan
6622,3,-nan,-nan
6623,3,-nan,-nan
6624,3,-nan,-nan
6625,3,-nan,-nan
6626,3,-nan,-nan
6627,3,-nan,-nan
6628,3,-nan,-nan
6629,3,-nan,-nan
6630,3,-nan,-nan
6631,3,-nan,-nan
6632,3,-nan,-nan
6633,3,-nan,-nan
6634,3,-nan,-nan
6635,3,-nan,-nan
6636,3,-nan,-nan
6637,3,-nan,-nan
6638,3,-nan,-nan
6639,3,-nan,-nan
6640,3,-nan,-nan
6641,3,-nan,-nan
6642,3,-nan,-nan
6643,3,-nan,-nan
6644,3,-nan,-nan
6645,3,-nan,-nan
6646,3,-nan,-nan
6647,3,-nan,-nan
6648,3,-nan,-nan
6649,3,-nan,-nan
6650,3,-nan,-nan
6651,3,-nan,-nan
6652,3,-nan,-nan
6653,3,-nan,-nan
6654,3,-nan,-nan
6655,3,-nan,-nan
6656,3,-nan,-nan
6657,3,-nan,-nan
6658,3,-nan,-nan
6659,3,-nan,-nan
6660,3,-nan,-nan
6661,3,-nan,-nan
6662,3,-nan,-nan
6663,3,-nan,-nan
6664,3,-nan,-nan
6665,3,-nan,-nan
6666,3,-nan,-nan
6667,3,-nan,-nan
6668,3,-nan,-nan
6669,3,-nan,-nan
6670,3,-nan,-nan
6671,3,-nan,-nan
6672,3,-nan,-nan
6673,3,-nan,-nan
6674,3,-nan,-nan
6675,3,-nan,-nan
6676,3,-nan,-nan
6677,3,-nan,-nan
6678,3,-nan,-nan
6679,3,-nan,-nan
6680,3,-nan,-nan
6681,3,-nan,-nan
6682,3,-nan,-nan
6683,3,-nan,-nan
6684,3,-nan,-nan
6685,3,-nan,-nan
6686,3,-nan,-nan
6687,3,-nan,-nan
6688,3,-nan,-nan
6689,3,-nan,-nan
6690,3,-nan,-nan
6691,3,-nan,-nan
6692,3,-nan,-nan
6693,3,-nan,-nan
6694,3,-nan,-nan
6695,3,-nan,-nan
6696,3,-nan,-nan
6697,3,-nan,-nan
6698,3,-nan,-nan
6699,3,-nan,-nan
6700,3,-nan,-nan
6701,3,-nan,-nan
6702,3,-nan,-nan
6703,3,-nan,-nan
6704,3,-nan,-nan
6705,3,-nan,-nan
6706,3,-nan,-nan
6707,3,-nan,-nan
6708,3,-nan,-nan
6709,3,-nan,-nan
6710,3,-nan,-nan
6711,3,-nan,-nan
6712,3,-nan,-nan
6713,3,-nan,-nan
6714,3,-nan,-nan
6715,3,-nan,-nan
6716,3,-nan,-nan
6717,3,-nan,-nan
6718,3,-nan,-nan
6719,3,-nan,-nan
6720,3,-nan,-nan
6721,3,-nan,-nan
6722,3,-nan,-nan
6723,3,-nan,-nan
6724,3,-nan,-nan
6725,3,-nan,-nan
6726,3,-nan,-nan
6727,3,-nan,-nan
6728,3,-nan,-nan
6729,3,-nan,-nan
6730,3,-nan,-nan
6731,3,-nan,-nan
6732,3,-nan,-nan
6733,3,-nan,-nan
6734,3,-nan,-nan
6735,3,-nan,-nan
6736,3,-nan,-nan
6737,3,-nan,-nan
6738,3,-nan,-nan
6739,3,-nan,-nan
6740,3,-nan,-nan
6741,3,-nan,-nan
6742,3,-nan,-nan
6743,3,-nan,-nan
6744,3,-nan,-nan
6745,3,-nan,-nan
6746,3,-nan,-nan
6747,3,-nan,-nan
6748,3,-nan,-nan
6749,3,-nan,-nan
6750,3,-nan,-nan
6751,3,-nan,-nan
6752,3,-nan,-nan
6753,3,-nan,-nan
6754,3,-nan,-nan
6755,3,-nan,-nan
6756,3,-nan,-nan
6757,3,-nan,-nan
6758,3,-nan,-nan
6759,3,-nan,-nan
6760,3,-nan,-nan
6761,3,-nan,-nan
6762,3,-nan,-nan
6763,3,-nan,-nan
6764,3,-nan,-nan
6765,3,-nan,-nan
6766,3,-nan,-nan
6767,3,-nan,-nan
6768,3,-nan,-nan
6769,3,-nan,-nan
6770,3,-nan,-nan
6771,3,-nan,-nan
6772,3,-nan,-nan
6773,3,-nan,-nan
6774,3,-nan,-nan
6775,3,-nan,-nan
6776,3,-nan,-nan
6777,3,-nan,-nan
6778,3,-nan,-nan
6779,3,-nan,-nan
6780,3,-nan,-nan
6781,3,-nan,-nan
6782,3,-nan,-nan
6783,3,-nan,-nan
6784,3,-nan,-nan
6785,3,-nan,-nan
6786,3,-nan,-nan
6787,3,-nan,-nan
6788,3,-nan,-nan
6789,3,-nan,-nan
6790,3,-nan,-nan
6791,3,-nan,-nan
6792,3,-nan,-nan
6793,3,-nan,-nan
6794,3,-nan,-nan
6795,3,-nan,-nan
6796,3,-nan,-nan
6797,3,-nan,-nan
6798,3,-nan,-nan
6799,3,-nan,-nan
6800,3,-nan,-nan
6801,3,-nan,-nan
6802,3,-nan,-nan
6803,3,-nan,-nan
6804,3,-nan,-nan
6805,3,-nan,-nan
6806,3,-nan,-nan
6807,3,-nan,-nan
6808,3,-nan,-nan
6809,3,-nan,-nan
6810,3,-nan,-nan
6811,3,-nan,-nan
6812,3,-nan,-nan
6813,3,-nan,-nan
6814,3,-nan,-nan
6815,3,-nan,-nan
6816,3,-nan,-nan
6817,3,-nan,-nan
6818,3,-nan,-nan
6819,3,-nan,-nan
6820,3,-nan,-nan
6821,3,-nan,-nan
6822,3,-nan,-nan
6823,3,-nan,-nan
6824,3,-nan,-nan
6825,3,-nan,-nan
6826,3,-nan,-nan
6827,3,-nan,-nan
6828,3,-nan,-nan
6829,3,-nan,-nan
6830,3,-nan,-nan
6831,3,-nan,-nan
6832,3,-nan,-nan
6833,3,-nan,-nan
6834,3,-nan,-nan
6835,3,-nan,-nan
6836,3,-nan,-nan
6837,3,-nan,-nan
6838,3,-nan,-nan
6839,3,-nan,-nan
6840,3,-nan,-nan
6841,3,-nan,-nan
6842,3,-nan,-nan
6843,3,-nan,-nan
6844,3,-nan,-nan
6845,3,-nan,-nan
6846,3,-nan,-nan
6847,3,-nan,-nan
6848,3,-nan,-nan
6849,3,-nan,-nan
6850,3,-nan,-nan
6851,3,-nan,-nan
6852,3,-nan,-nan
6853,3,-nan,-nan
6854,3,-nan,-nan
6855,3,-nan,-nan
6856,3,-nan,-nan
6857,3,-nan,-nan
6858,3,-nan,-nan
6859,3,-nan,-nan
6860,3,-nan,-nan
6861,3,-nan,-nan
6862,3,-nan,-nan
6863,3,-nan,-nan
6864,3,-nan,-nan
6865,3,-nan,-nan
6866,3,-nan,-nan
6867,3,-nan,-nan
6868,3,-nan,-nan
6869,3,-nan,-nan
6870,3,-nan,-nan
6871,3,-nan,-nan
6872,3,-nan,-nan
6873,3,-nan,-nan
6874,3,-nan,-nan
6875,3,-nan,-nan
6876,3,-nan,-nan
6877,3,-nan,-nan
6878,3,-nan,-nan
6879,3,-nan,-nan
6880,3,-nan,-nan
6881,3,-nan,-nan
6882,3,-nan,-nan
6883,3,-nan,-nan
6884,3,-nan,-nan
6885,3,-nan,-nan
6886,3,-nan,-nan
6887,3,-nan,-nan
6888,3,-nan,-nan
6889,3,-nan,-nan
6890,3,-nan,-nan
6891,3,-nan,-nan
6892,3,-nan,-nan
6893,3,-nan,-nan
6894,3,-nan,-nan
6895,3,-nan,-nan
6896,3,-nan,-nan
6897,3,-nan,-nan
6898,3,-nan,-nan
6899,3,-nan,-nan
6900,3,-nan,-nan
6901,3,-nan,-nan
6902,3,-nan,-nan
6903,3,-nan,-nan
6904,3,-nan,-nan
6905,3,-nan,-nan
6906,3,-nan,-nan
6907,3,-nan,-nan
6908,3,-nan,-nan
6909,3,-nan,-nan
6910,3,-nan,-nan
6911,3,-nan,-nan
6912,3,-nan,-nan
6913,3,-nan,-nan
6914,3,-nan,-nan
6915,3,-nan,-nan
6916,3,-nan,-nan
6917,3,-nan,-nan
6918,3,-nan,-nan
6919,3,-nan,-nan
6920,3,-nan,-nan
6921,3,-nan,-nan
6922,3,-nan,-nan
6923,3,-nan,-nan
6924,3,-nan,-nan
6925,3,-nan,-nan
6926,3,-nan,-nan
6927,3,-nan,-nan
6928,3,-nan,-nan
6929,3,-nan,-nan
6930,3,-nan,-nan
6931,3,-nan,-nan
6932,3,-nan,-nan
6933,3,-nan,-nan
6934,3,-nan,-nan
6935,3,-nan,-nan
6936,3,-nan,-nan
6937,3,-nan,-nan
6938,3,-nan,-nan
6939,3,-nan,-nan
6940,3,-nan,-nan
6941,3,-nan,-nan
6942,3,-nan,-nan
6943,3,-nan,-nan
6944,3,-nan,-nan
6945,3,-nan,-nan
6946,3,-nan,-nan
6947,3,-nan,-nan
6948,3,-nan,-nan
6949,3,-nan,-nan
6950,3,-nan,-nan
6951,3,-nan,-nan
6952,3,-nan,-nan
6953,3,-nan,-nan
6954,3,-nan,-nan
6955,3,-nan,-nan
6956,3,-nan,-nan
6957,3,-nan,-nan
6958,3,-nan,-nan
6959,3,-nan,-nan
6960,3,-nan,-nan
6961,3,-nan,-nan
6962,3,-nan,-nan
6963,3,-nan,-nan
6964,3,-nan,-nan
6965,3,-nan,-nan
6966,3,-nan,-nan
6967,3,-nan,-nan
6968,3,-nan,-nan
6969,3,-nan,-nan
6970,3,-nan,-nan
6971,3,-nan,-nan
6972,3,-nan,-nan
6973,3,-nan,-nan
6974,3,-nan,-nan
6975,3,-nan,-nan
6976,3,-nan,-nan
6977,3,-nan,-nan
6978,3,-nan,-nan
6979,3,-nan,-nan
6980,3,-nan,-nan
6981,3,-nan,-nan
6982,3,-nan,-nan
6983,3,-nan,-nan
6984,3,-nan,-nan
6985,3,-nan,-nan
6986,3,-nan,-nan
6987,3,-nan,-nan
6988,3,-nan,-nan
6989,3,-nan,-nan
6990,3,-nan,-nan
6991,3,-nan,-nan
6992,3,-nan,-nan
6993,3,-nan,-nan
6994,3,-nan,-nan
6995,3,-nan,-nan
6996,3,-nan,-nan
6997,3,-nan,-nan
6998,3,-nan,-nan
6999,3,-nan,-nan
7000,3,-nan,-nan
7001,3,-nan,-nan
7002,3,-nan,-nan
7003,3,-nan,-nan
7004,3,-nan,-nan
7005,3,-nan,-nan
7006,3,-nan,-nan
7007,3,-nan,-nan
7008,3,-nan,-nan
7009,3,-nan,-nan
7010,3,-nan,-nan
7011,3,-nan,-nan
7012,3,-nan,-nan
7013,3,-nan,-nan
7014,3,-nan,-nan
7015,3,-nan,-nan
7016,3,-nan,-nan
7017,3,-nan,-nan
7018,3,-nan,-nan
7019,3,-nan,-nan
7020,3,-nan,-nan
7021,3,-nan,-nan
7022,3,-nan,-nan
7023,3,-nan,-nan
7024,3,-nan,-nan
7025,3,-nan,-nan
7026,3,-nan,-nan
7027,3,-nan,-nan
7028,3,-nan,-nan
7029,3,-nan,-nan
7030,3,-nan,-nan
7031,3,-nan,-nan
7032,3,-nan,-nan
7033,3,-nan,-nan
7034,3,-nan,-nan
7035,3,-nan,-nan
7036,3,-nan,-nan
7037,3,-nan,-nan
7038,3,-nan,-nan
7039,3,-nan,-nan
7040,3,-nan,-nan
7041,3,-nan,-nan
7042,3,-nan,-nan
7043,3,-nan,-nan
7044,3,-nan,-nan
7045,3,-nan,-nan
7046,3,-nan,-nan
7047,3,-nan,-nan
7048,3,-nan,-nan
7049,3,-nan,-nan
7050,3,-nan,-nan
7051,3,-nan,-nan
7052,3,-nan,-nan
7053,3,-nan,-nan
7054,3,-nan,-nan
7055,3,-nan,-nan
7056,3,-nan,-nan
7057,3,-nan,-nan
7058,3,-nan,-nan
7059,3,-nan,-nan
7060,3,-nan,-nan
7061,3,-nan,-nan
7062,3,-nan,-nan
7063,3,-nan,-nan
7064,3,-nan,-nan
7065,3,-nan,-nan
7066,3,-nan,-nan
7067,3,-nan,-nan
7068,3,-nan,-nan
7069,3,-nan,-nan
7070,3,-nan,-nan
7071,3,-nan,-nan
7072,3,-nan,-nan
7073,3,-nan,-nan
7074,3,-nan,-nan
7075,3,-nan,-nan
7076,3,-nan,-nan
7077,3,-nan,-nan
7078,3,-nan,-nan
7079,3,-nan,-nan
7080,3,-nan,-nan
7081,3,-nan,-nan
7082,3,-nan,-nan
7083,3,-nan,-nan
7084,3,-nan,-nan
7085,3,-nan,-nan
7086,3,-nan,-nan
7087,3,-nan,-nan
7088,3,-nan,-nan
7089,3,-nan,-nan
7090,3,-nan,-nan
7091,3,-nan,-nan
7092,3,-nan,-nan
7093,3,-nan,-nan
7094,3,-nan,-nan
7095,3,-nan,-nan
7096,3,-nan,-nan
7097,3,-nan,-nan
7098,3,-nan,-nan
7099,3,-nan,-nan
7100,3,-nan,-nan
7101,3,-nan,-nan
7102,3,-nan,-nan
7103,3,-nan,-nan
7104,3,-nan,-nan
7105,3,-nan,-nan
7106,3,-nan,-nan
7107,3,-nan,-nan
7108,3,-nan,-nan
7109,3,-nan,-nan
7110,3,-nan,-nan
7111,3,-nan,-nan
7112,3,-nan,-nan
7113,3,-nan,-nan
7114,3,-nan,-nan
7115,3,-nan,-nan
7116,3,-nan,-nan
7117,3,-nan,-nan
7118,3,-nan,-nan
7119,3,-nan,-nan
7120,3,-nan,-nan
7121,3,-nan,-nan
7122,3,-nan,-nan
7123,3,-nan,-nan
7124,3,-nan,-nan
7125,3,-nan,-nan
7126,3,-nan,-nan
7127,3,-nan,-nan
7128,3,-nan,-nan
7129,3,-nan,-nan
7130,3,-nan,-nan
7131,3,-nan,-nan
7132,3,-nan,-nan
7133,3,-nan,-nan
7134,3,-nan,-nan
7135,3,-nan,-nan
7136,3,-nan,-nan
7137,3,-nan,-nan
7138,3,-nan,-nan
7139,3,-nan,-nan
7140,3,-nan,-nan
7141,3,-nan,-nan
7142,3,-nan,-nan
7143,3,-nan,-nan
7144,3,-nan,-nan
7145,3,-nan,-nan
7146,3,-nan,-nan
7147,3,-nan,-nan
7148,3,-nan,-nan
7149,3,-nan,-nan
7150,3,-nan,-nan
7151,3,-nan,-nan
7152,3,-nan,-nan
7153,3,-nan,-nan
7154,3,-nan,-nan
7155,3,-nan,-nan
7156,3,-nan,-nan
7157,3,-nan,-nan
7158,3,-nan,-nan
7159,3,-nan,-nan
7160,3,-nan,-nan
7161,3,-nan,-nan
7162,3,-nan,-nan
7163,3,-nan,-nan
7164,3,-nan,-nan
7165,3,-nan,-nan
7166,3,-nan,-nan
7167,3,-nan,-nan
7168,3,-nan,-nan
7169,3,-nan,-nan
7170,3,-nan,-nan
7171,3,-nan,-nan
7172,3,-nan,-nan
7173,3,-nan,-nan
7174,3,-nan,-nan
7175,3,-nan,-nan
7176,3,-nan,-nan
7177,3,-nan,-nan
7178,3,-nan,-nan
7179,3,-nan,-nan
7180,3,-nan,-nan
7181,3,-nan,-nan
7182,3,-nan,-nan
7183,3,-nan,-nan
7184,3,-nan,-nan
7185,3,-nan,-nan
7186,3,-nan,-nan
7187,3,-nan,-nan
7188,3,-nan,-nan
7189,3,-nan,-nan
7190,3,-nan,-nan
7191,3,-nan,-nan
7192,3,-nan,-nan
7193,3,-nan,-nan
7194,3,-nan,-nan
7195,3,-nan,-nan
7196,3,-nan,-nan
7197,3,-nan,-nan
7198,3,-nan,-nan
7199,3,-nan,-nan
7200,3,-nan,-nan
7201,3,-nan,-nan
7202,3,-nan,-nan
7203,3,-nan,-nan
7204,3,-nan,-nan
7205,3,-nan,-nan
7206,3,-nan,-nan
7207,3,-nan,-nan
7208,3,-nan,-nan
7209,3,-nan,-nan
7210,3,-nan,-nan
7211,3,-nan,-nan
7212,3,-nan,-nan
7213,3,-nan,-nan
7214,3,-nan,-nan
7215,3,-nan,-nan
7216,3,-nan,-nan
7217,3,-nan,-nan
7218,3,-nan,-nan
7219,3,-nan,-nan
7220,3,-nan,-nan
7221,3,-nan,-nan
7222,3,-nan,-nan
7223,3,-nan,-nan
7224,3,-nan,-nan
7225,3,-nan,-nan
7226,3,-nan,-nan
7227,3,-nan,-nan
7228,3,-nan,-nan
7229,3,-nan,-nan
7230,3,-nan,-nan
7231,3,-nan,-nan
7232,3,-nan,-nan
7233,3,-nan,-nan
7234,3,-nan,-nan
7235,3,-nan,-nan
7236,3,-nan,-nan
7237,3,-nan,-nan
7238,3,-nan,-nan
7239,3,-nan,-nan
7240,3,-nan,-nan
7241,3,-nan,-nan
7242,3,-nan,-nan
7243,3,-nan,-nan
7244,3,-nan,-nan
7245,3,-nan,-nan
7246,3,-nan,-nan
7247,3,-nan,-nan
7248,3,-nan,-nan
7249,3,-nan,-nan
7250,3,-nan,-nan
7251,3,-nan,-nan
7252,3,-nan,-nan
7253,3,-nan,-nan
7254,3,-nan,-nan
7255,3,-nan,-nan
7256,3,-nan,-nan
7257,3,-nan,-nan
7258,3,-nan,-nan
7259,3,-nan,-nan
7260,3,-nan,-nan
7261,3,-nan,-nan
7262,3,-nan,-nan
7263,3,-nan,-nan
7264,3,-nan,-nan
7265,3,-nan,-nan
7266,3,-nan,-nan
7267,3,-nan,-nan
7268,3,-nan,-nan
7269,3,-nan,-nan
7270,3,-nan,-nan
7271,3,-nan,-nan
7272,3,-nan,-nan
7273,3,-nan,-nan
7274,3,-nan,-nan
7275,3,-nan,-nan
7276,3,-nan,-nan
7277,3,-nan,-nan
7278,3,-nan,-nan
7279,3,-nan,-nan
7280,3,-nan,-nan
7281,3,-nan,-nan
7282,3,-nan,-nan
7283,3,-nan,-nan
7284,3,-nan,-nan
7285,3,-nan,-nan
7286,3,-nan,-nan
7287,3,-nan,-nan
7288,3,-nan,-nan
7289,3,-nan,-nan
7290,3,-nan,-nan
7291,3,-nan,-nan
7292,3,-nan,-nan
7293,3,-nan,-nan
7294,3,-nan,-nan
7295,3,-nan,-nan
7296,3,-nan,-nan
7297,3,-nan,-nan
7298,3,-nan,-nan
7299,3,-nan,-nan
7300,3,-nan,-nan
7301,3,-nan,-nan
7302,3,-nan,-nan
7303,3,-nan,-nan
7304,3,-nan,-nan
7305,3,-nan,-nan
7306,3,-nan,-nan
7307,3,-nan,-nan
7308,3,-nan,-nan
7309,3,-nan,-nan
7310,3,-nan,-nan
7311,3,-nan,-nan
7312,3,-nan,-nan
7313,3,-nan,-nan
7314,3,-nan,-nan
7315,3,-nan,-nan
7316,3,-nan,-nan
7317,3,-nan,-nan
7318,3,-nan,-nan
7319,3,-nan,-nan
7320,3,-nan,-nan
7321,3,-nan,-nan
7322,3,-nan,-nan
7323,3,-nan,-nan
7324,3,-nan,-nan
7325,3,-nan,-nan
7326,3,-nan,-nan
7327,3,-nan,-nan
7328,3,-nan,-nan
7329,3,-nan,-nan
7330,3,-nan,-nan
7331,3,-nan,-nan
7332,3,-nan,-nan
7333,3,-nan,-nan
7334,3,-nan,-nan
7335,3,-nan,-nan
7336,3,-nan,-nan
7337,3,-nan,-nan
7338,3,-nan,-nan
7339,3,-nan,-nan
7340,3,-nan,-nan
7341,3,-nan,-nan
7342,3,-nan,-nan
7343,3,-nan,-nan
7344,3,-nan,-nan
7345,3,-nan,-nan
7346,3,-nan,-nan
7347,3,-nan,-nan
7348,3,-nan,-nan
7349,3,-nan,-nan
7350,3,-nan,-nan
7351,3,-nan,-nan
7352,3,-nan,-nan
7353,3,-nan,-nan
7354,3,-nan,-nan
7355,3,-nan,-nan
7356,3,-nan,-nan
7357,3,-nan,-nan
7358,3,-nan,-nan
7359,3,-nan,-nan
7360,3,-nan,-nan
7361,3,-nan,-nan
7362,3,-nan,-nan
7363,3,-nan,-nan
7364,3,-nan,-nan
7365,3,-nan,-nan
7366,3,-nan,-nan
7367,3,-nan,-nan
7368,3,-nan,-nan
7369,3,-nan,-nan
7370,3,-nan,-nan
7371,3,-nan,-nan
7372,3,-nan,-nan
7373,3,-nan,-nan
7374,3,-nan,-nan
7375,3,-nan,-nan
7376,3,-nan,-nan
7377,3,-nan,-nan
7378,3,-nan,-nan
7379,3,-nan,-nan
7380,3,-nan,-nan
7381,3,-nan,-nan
7382,3,-nan,-nan
7383,3,-nan,-nan
7384,3,-nan,-nan
7385,3,-nan,-nan
7386,3,-nan,-nan
7387,3,-nan,-nan
7388,3,-nan,-nan
7389,3,-nan,-nan
7390,3,-nan,-nan
7391,3,-nan,-nan
7392,3,-nan,-nan
7393,3,-nan,-nan
7394,3,-nan,-nan
7395,3,-nan,-nan
7396,3,-nan,-nan
7397,3,-nan,-nan
7398,3,-nan,-nan
7399,3,-nan,-nan
7400,3,-nan,-nan
7401,3,-nan,-nan
7402,3,-nan,-nan
7403,3,-nan,-nan
7404,3,-nan,-nan
7405,3,-nan,-nan
7406,3,-nan,-nan
7407,3,-nan,-nan
7408,3,-nan,-nan
7409,3,-nan,-nan
7410,3,-nan,-nan
7411,3,-nan,-nan
7412,3,-nan,-nan
7413,3,-nan,-nan
7414,3,-nan,-nan
7415,3,-nan,-nan
7416,3,-nan,-nan
7417,3,-nan,-nan
7418,3,-nan,-nan
7419,3,-nan,-nan
7420,3,-nan,-nan
7421,3,-nan,-nan
7422,3,-nan,-nan
7423,3,-nan,-nan
7424,3,-nan,-nan
7425,3,-nan,-nan
7426,3,-nan,-nan
7427,3,-nan,-nan
7428,3,-nan,-nan
7429,3,-nan,-nan
7430,3,-nan,-nan
7431,3,-nan,-nan
7432,3,-nan,-nan
7433,3,-nan,-nan
7434,3,-nan,-nan
7435,3,-nan,-nan
7436,3,-nan,-nan
7437,3,-nan,-nan
7438,3,-nan,-nan
7439,3,-nan,-nan
7440,3,-nan,-nan
7441,3,-nan,-nan
7442,3,-nan,-nan
7443,3,-nan,-nan
7444,3,-nan,-nan
7445,3,-nan,-nan
7446,3,-nan,-nan
7447,3,-nan,-nan
7448,3,-nan,-nan
7449,3,-nan,-nan
7450,3,-nan,-nan
7451,3,-nan,-nan
7452,3,-nan,-nan
7453,3,-nan,-nan
7454,3,-nan,-nan
7455,3,-nan,-nan
7456,3,-nan,-nan
7457,3,-nan,-nan
7458,3,-nan,-nan
7459,3,-nan,-nan
7460,3,-nan,-nan
7461,3,-nan,-nan
7462,3,-nan,-nan
7463,3,-nan,-nan
7464,3,-nan,-nan
7465,3,-nan,-nan
7466,3,-nan,-nan
7467,3,-nan,-nan
7468,3,-nan,-nan
7469,3,-nan,-nan
7470,3,-nan,-nan
7471,3,-nan,-nan
7472,3,-nan,-nan
7473,3,-nan,-nan
7474,3,-nan,-nan
7475,3,-nan,-nan
7476,3,-nan,-nan
7477,3,-nan,-nan
7478,3,-nan,-nan
7479,3,-nan,-nan
7480,3,-nan,-nan
7481,3,-nan,-nan
7482,3,-nan,-nan
7483,3,-nan,-nan
7484,3,-nan,-nan
7485,3,-nan,-nan
7486,3,-nan,-nan
7487,3,-nan,-nan
7488,3,-nan,-nan
7489,3,-nan,-nan
7490,3,-nan,-nan
7491,3,-nan,-nan
7492,3,-nan,-nan
7493,3,-nan,-nan
7494,3,-nan,-nan
7495,3,-nan,-nan
7496,3,-nan,-nan
7497,3,-nan,-nan
7498,3,-nan,-nan
7499,3,-nan,-nan
7500,3,-nan,-nan
7501,3,-nan,-nan
7502,3,-nan,-nan
7503,3,-nan,-nan
7504,3,-nan,-nan
7505,3,-nan,-nan
7506,3,-nan,-nan
7507,3,-nan,-nan
7508,3,-nan,-nan
7509,3,-nan,-nan
7510,3,-nan,-nan
7511,3,-nan,-nan
7512,3,-nan,-nan
7513,3,-nan,-nan
7514,3,-nan,-nan
7515,3,-nan,-nan
7516,3,-nan,-nan
7517,3,-nan,-nan
7518,3,-nan,-nan
7519,3,-nan,-nan
7520,3,-nan,-nan
7521,3,-nan,-nan
7522,3,-nan,-nan
7523,3,-nan,-nan
7524,3,-nan,-nan
7525,3,-nan,-nan
7526,3,-nan,-nan
7527,3,-nan,-nan
7528,3,-nan,-nan
7529,3,-nan,-nan
7530,3,-nan,-nan
7531,3,-nan,-nan
7532,3,-nan,-nan
7533,3,-nan,-nan
7534,3,-nan,-nan
7535,3,-nan,-nan
7536,3,-nan,-nan
7537,3,-nan,-nan
7538,3,-nan,-nan
7539,3,-nan,-nan
7540,3,-nan,-nan
7541,3,-nan,-nan
7542,3,-nan,-nan
7543,3,-nan,-nan
7544,3,-nan,-nan
7545,3,-nan,-nan
7546,3,-nan,-nan
7547,3,-nan,-nan
7548,3,-nan,-nan
7549,3,-nan,-nan
7550,3,-nan,-nan
7551,3,-nan,-nan
7552,3,-nan,-nan
7553,3,-nan,-nan
7554,3,-nan,-nan
7555,3,-nan,-nan
7556,3,-nan,-nan
7557,3,-nan,-nan
7558,3,-nan,-nan
7559,3,-nan,-nan
7560,3,-nan,-nan
7561,3,-nan,-nan
7562,3,-nan,-nan
7563,3,-nan,-nan
7564,3,-nan,-nan
7565,3,-nan,-nan
7566,3,-nan,-nan
7567,3,-nan,-nan
7568,3,-nan,-nan
7569,3,-nan,-nan
7570,3,-nan,-nan
7571,3,-nan,-nan
7572,3,-nan,-nan
7573,3,-nan,-nan
7574,3,-nan,-nan
7575,3,-nan,-nan
7576,3,-nan,-nan
7577,3,-nan,-nan
7578,3,-nan,-nan
7579,3,-nan,-nan
7580,3,-nan,-nan
7581,3,-nan,-nan
7582,3,-nan,-nan
7583,3,-nan,-nan
7584,3,-nan,-nan
7585,3,-nan,-nan
7586,3,-nan,-nan
7587,3,-nan,-nan
7588,3,-nan,-nan
7589,3,-nan,-nan
7590,3,-nan,-nan
7591,3,-nan,-nan
7592,3,-nan,-nan
7593,3,-nan,-nan
7594,3,-nan,-nan
7595,3,-nan,-nan
7596,3,-nan,-nan
7597,3,-nan,-nan
7598,3,-nan,-nan
7599,3,-nan,-nan
7600,3,-nan,-nan
7601,3,-nan,-nan
7602,3,-nan,-nan
7603,3,-nan,-nan
7604,3,-nan,-nan
7605,3,-nan,-nan
7606,3,-nan,-nan
7607,3,-nan,-nan
7608,3,-nan,-nan
7609,3,-nan,-nan
7610,3,-nan,-nan
7611,3,-nan,-nan
7612,3,-nan,-nan
7613,3,-nan,-nan
7614,3,-nan,-nan
7615,3,-nan,-nan
7616,3,-nan,-nan
7617,3,-nan,-nan
7618,3,-nan,-nan
7619,3,-nan,-nan
7620,3,-nan,-nan
7621,3,-nan,-nan
7622,3,-nan,-nan
7623,3,-nan,-nan
7624,3,-nan,-nan
7625,3,-nan,-nan
7626,3,-nan,-nan
7627,3,-nan,-nan
7628,3,-nan,-nan
7629,3,-nan,-nan
7630,3,-nan,-nan
7631,3,-nan,-nan
7632,3,-nan,-nan
7633,3,-nan,-nan
7634,3,-nan,-nan
7635,3,-nan,-nan
7636,3,-nan,-nan
7637,3,-nan,-nan
7638,3,-nan,-nan
7639,3,-nan,-nan
7640,3,-nan,-nan
7641,3,-nan,-nan
7642,3,-nan,-nan
7643,3,-nan,-nan
7644,3,-nan,-nan
7645,3,-nan,-nan
7646,3,-nan,-nan
7647,3,-nan,-nan
7648,3,-nan,-nan
7649,3,-nan,-nan
7650,3,-nan,-nan
7651,3,-nan,-nan
7652,3,-nan,-nan
7653,3,-nan,-nan
7654,3,-nan,-nan
7655,3,-nan,-nan
7656,3,-nan,-nan
7657,3,-nan,-nan
7658,3,-nan,-nan
7659,3,-nan,-nan
7660,3,-nan,-nan
7661,3,-nan,-nan
7662,3,-nan,-nan
7663,3,-nan,-nan
7664,3,-nan,-nan
7665,3,-nan,-nan
7666,3,-nan,-nan
7667,3,-nan,-nan
7668,3,-nan,-nan
7669,3,-nan,-nan
7670,3,-nan,-nan
7671,3,-nan,-nan
7672,3,-nan,-nan
7673,3,-nan,-nan
7674,3,-nan,-nan
7675,3,-nan,-nan
7676,3,-nan,-nan
7677,3,-nan,-nan
7678,3,-nan,-nan
7679,3,-nan,-nan
7680,3,-nan,-nan
7681,3,-nan,-nan
7682,3,-nan,-nan
7683,3,-nan,-nan
7684,3,-nan,-nan
7685,3,-nan,-nan
7686,3,-nan,-nan
7687,3,-nan,-nan
7688,3,-nan,-nan
7689,3,-nan,-nan
7690,3,-nan,-nan
7691,3,-nan,-nan
7692,3,-nan,-nan
7693,3,-nan,-nan
7694,3,-nan,-nan
7695,3,-nan,-nan
7696,3,-nan,-nan
7697,3,-nan,-nan
7698,3,-nan,-nan
7699,3,-nan,-nan
7700,3,-nan,-nan
7701,3,-nan,-nan
7702,3,-nan,-nan
7703,3,-nan,-nan
7704,3,-nan,-nan
7705,3,-nan,-nan
7706,3,-nan,-nan
7707,3,-nan,-nan
7708,3,-nan,-nan
7709,3,-nan,-nan
7710,3,-nan,-nan
7711,3,-nan,-nan
7712,3,-nan,-nan
7713,3,-nan,-nan
7714,3,-nan,-nan
7715,3,-nan,-nan
7716,3,-nan,-nan
7717,3,-nan,-nan
7718,3,-nan,-nan
7719,3,-nan,-nan
7720,3,-nan,-nan
7721,3,-nan,-nan
7722,3,-nan,-nan
7723,3,-nan,-nan
7724,3,-nan,-nan
7725,3,-nan,-nan
7726,3,-nan,-nan
7727,3,-nan,-nan
7728,3,-nan,-nan
7729,3,-nan,-nan
7730,3,-nan,-nan
7731,3,-nan,-nan
7732,3,-nan,-nan
7733,3,-nan,-nan
7734,3,-nan,-nan
7735,3,-nan,-nan
7736,3,-nan,-nan
7737,3,-nan,-nan
7738,3,-nan,-nan
7739,3,-nan,-nan
7740,3,-nan,-nan
7741,3,-nan,-nan
7742,3,-nan,-nan
7743,3,-nan,-nan
7744,3,-nan,-nan
7745,3,-nan,-nan
7746,3,-nan,-nan
7747,3,-nan,-nan
7748,3,-nan,-nan
7749,3,-nan,-nan
7750,3,-nan,-nan
7751,3,-nan,-nan
7752,3,-nan,-nan
7753,3,-nan,-nan
7754,3,-nan,-nan
7755,3,-nan,-nan
7756,3,-nan,-nan
7757,3,-nan,-nan
7758,3,-nan,-nan
7759,3,-nan,-nan
7760,3,-nan,-nan
7761,3,-nan,-nan
7762,3,-nan,-nan
7763,3,-nan,-nan
7764,3,-nan,-nan
7765,3,-nan,-nan
7766,3,-nan,-nan
7767,3,-nan,-nan
7768,3,-nan,-nan
7769,3,-nan,-nan
7770,3,-nan,-nan
7771,3,-nan,-nan
7772,3,-nan,-nan
7773,3,-nan,-nan
7774,3,-nan,-nan
7775,3,-nan,-nan
7776,3,-nan,-nan
7777,3,-nan,-nan
7778,3,-nan,-nan
7779,3,-nan,-nan
7780,3,-nan,-nan
7781,3,-nan,-nan
7782,3,-nan,-nan
7783,3,-nan,-nan
7784,3,-nan,-nan
7785,3,-nan,-nan
7786,3,-nan,-nan
7787,3,-nan,-nan
7788,3,-nan,-nan
7789,3,-nan,-nan
7790,3,-nan,-nan
7791,3,-nan,-nan
7792,3,-nan,-nan
7793,3,-nan,-nan
7794,3,-nan,-nan
7795,3,-nan,-nan
7796,3,-nan,-nan
7797,3,-nan,-nan
7798,3,-nan,-nan
7799,3,-nan,-nan
7800,3,-nan,-nan
7801,3,-nan,-nan
7802,3,-nan,-nan
7803,3,-nan,-nan
7804,3,-nan,-nan
7805,3,-nan,-nan
7806,3,-nan,-nan
7807,3,-nan,-nan
7808,3,-nan,-nan
7809,3,-nan,-nan
7810,3,-nan,-nan
7811,3,-nan,-nan
7812,3,-nan,-nan
7813,3,-nan,-nan
7814,3,-nan,-nan
7815,3,-nan,-nan
7816,3,-nan,-nan
7817,3,-nan,-nan
7818,3,-nan,-nan
7819,3,-nan,-nan
7820,3,-nan,-nan
7821,3,-nan,-nan
7822,3,-nan,-nan
7823,3,-nan,-nan
7824,3,-nan,-nan
7825,3,-nan,-nan
7826,3,-nan,-nan
7827,3,-nan,-nan
7828,3,-nan,-nan
7829,3,-nan,-nan
7830,3,-nan,-nan
7831,3,-nan,-nan
7832,3,-nan,-nan
7833,3,-nan,-nan
7834,3,-nan,-nan
7835,3,-nan,-nan
7836,3,-nan,-nan
7837,3,-nan,-nan
7838,3,-nan,-nan
7839,3,-nan,-nan
7840,3,-nan,-nan
7841,3,-nan,-nan
7842,3,-nan,-nan
7843,3,-nan,-nan
7844,3,-nan,-nan
7845,3,-nan,-nan
7846,3,-nan,-nan
7847,3,-nan,-nan
7848,3,-nan,-nan
7849,3,-nan,-nan
7850,3,-nan,-nan
7851,3,-nan,-nan
7852,3,-nan,-nan
7853,3,-nan,-nan
7854,3,-nan,-nan
7855,3,-nan,-nan
7856,3,-nan,-nan
7857,3,-nan,-nan
7858,3,-nan,-nan
7859,3,-nan,-nan
7860,3,-nan,-nan
7861,3,-nan,-nan
7862,3,-nan,-nan
7863,3,-nan,-nan
7864,3,-nan,-nan
7865,3,-nan,-nan
7866,3,-nan,-nan
7867,3,-nan,-nan
7868,3,-nan,-nan
7869,3,-nan,-nan
7870,3,-nan,-nan
7871,3,-nan,-nan
7872,3,-nan,-nan
7873,3,-nan,-nan
7874,3,-nan,-nan
7875,3,-nan,-nan
7876,3,-nan,-nan
7877,3,-nan,-nan
7878,3,-nan,-nan
7879,3,-nan,-nan
7880,3,-nan,-nan
7881,3,-nan,-nan
7882,3,-nan,-nan
7883,3,-nan,-nan
7884,3,-nan,-nan
7885,3,-nan,-nan
7886,3,-nan,-nan
7887,3,-nan,-nan
7888,3,-nan,-nan
7889,3,-nan,-nan
7890,3,-nan,-nan
7891,3,-nan,-nan
7892,3,-nan,-nan
7893,3,-nan,-nan
7894,3,-nan,-nan
7895,3,-nan,-nan
7896,3,-nan,-nan
7897,3,-nan,-nan
7898,3,-nan,-nan
7899,3,-nan,-nan
7900,3,-nan,-nan
7901,3,-nan,-nan
7902,3,-nan,-nan
7903,3,-nan,-nan
7904,3,-nan,-nan
7905,3,-nan,-nan
7906,3,-nan,-nan
7907,3,-nan,-nan
7908,3,-nan,-nan
7909,3,-nan,-nan
7910,3,-nan,-nan
7911,3,-nan,-nan
7912,3,-nan,-nan
7913,3,-nan,-nan
7914,3,-nan,-nan
7915,3,-nan,-nan
7916,3,-nan,-nan
7917,3,-nan,-nan
7918,3,-nan,-nan
7919,3,-nan,-nan
7920,3,-nan,-nan
7921,3,-nan,-nan
7922,3,-nan,-nan
7923,3,-nan,-nan
7924,3,-nan,-nan
7925,3,-nan,-nan
7926,3,-nan,-nan
7927,3,-nan,-nan
7928,3,-nan,-nan
7929,3,-nan,-nan
7930,3,-nan,-nan
7931,3,-nan,-nan
7932,3,-nan,-nan
7933,3,-nan,-nan
7934,3,-nan,-nan
7935,3,-nan,-nan
7936,3,-nan,-nan
7937,3,-nan,-nan
7938,3,-nan,-nan
7939,3,-nan,-nan
7940,3,-nan,-nan
7941,3,-nan,-nan
7942,3,-nan,-nan
7943,3,-nan,-nan
7944,3,-nan,-nan
7945,3,-nan,-nan
7946,3,-nan,-nan
7947,3,-nan,-nan
7948,3,-nan,-nan
7949,3,-nan,-nan
7950,3,-nan,-nan
7951,3,-nan,-nan
7952,3,-nan,-nan
7953,3,-nan,-nan
7954,3,-nan,-nan
7955,3,-nan,-nan
7956,3,-nan,-nan
7957,3,-nan,-nan
7958,3,-nan,-nan
7959,3,-nan,-nan
7960,3,-nan,-nan
7961,3,-nan,-nan
7962,3,-nan,-nan
7963,3,-nan,-nan
7964,3,-nan,-nan
7965,3,-nan,-nan
7966,3,-nan,-nan
7967,3,-nan,-nan
7968,3,-nan,-nan
7969,3,-nan,-nan
7970,3,-nan,-nan
7971,3,-nan,-nan
7972,3,-nan,-nan
7973,3,-nan,-nan
7974,3,-nan,-nan
7975,3,-nan,-nan
7976,3,-nan,-nan
7977,3,-nan,-nan
7978,3,-nan,-nan
7979,3,-nan,-nan
7980,3,-nan,-nan
7981,3,-nan,-nan
7982,3,-nan,-nan
7983,3,-nan,-nan
7984,3,-nan,-nan
7985,3,-nan,-nan
7986,3,-nan,-nan
7987,3,-nan,-nan
7988,3,-nan,-nan
7989,3,-nan,-nan
7990,3,-nan,-nan
7991,3,-nan,-nan
7992,3,-nan,-nan
7993,3,-nan,-nan
7994,3,-nan,-nan
7995,3,-nan,-nan
7996,3,-nan,-nan
7997,3,-nan,-nan
7998,3,-nan,-nan
7999,3,-nan,-nan
8000,3,-nan,-nan
8001,3,-nan,-nan
8002,3,-nan,-nan
8003,3,-nan,-nan
8004,3,-nan,-nan
8005,3,-nan,-nan
8006,3,-nan,-nan
8007,3,-nan,-nan
8008,3,-nan,-nan
8009,3,-nan,-nan
8010,3,-nan,-nan
8011,3,-nan,-nan
8012,3,-nan,-nan
8013,3,-nan,-nan
8014,3,-nan,-nan
8015,3,-nan,-nan
8016,3,-nan,-nan
8017,3,-nan,-nan
8018,3,-nan,-nan
8019,3,-nan,-nan
8020,3,-nan,-nan
8021,3,-nan,-nan
8022,3,-nan,-nan
8023,3,-nan,-nan
8024,3,-nan,-nan
8025,3,-nan,-nan
8026,3,-nan,-nan
8027,3,-nan,-nan
8028,3,-nan,-nan
8029,3,-nan,-nan
8030,3,-nan,-nan
8031,3,-nan,-nan
8032,3,-nan,-nan
8033,3,-nan,-nan
8034,3,-nan,-nan
8035,3,-nan,-nan
8036,3,-nan,-nan
8037,3,-nan,-nan
8038,3,-nan,-nan
8039,3,-nan,-nan
8040,3,-nan,-nan
8041,3,-nan,-nan
8042,3,-nan,-nan
8043,3,-nan,-nan
8044,3,-nan,-nan
8045,3,-nan,-nan
8046,3,-nan,-nan
8047,3,-nan,-nan
8048,3,-nan,-nan
8049,3,-nan,-nan
8050,3,-nan,-nan
8051,3,-nan,-nan
8052,3,-nan,-nan
8053,3,-nan,-nan
8054,3,-nan,-nan
8055,3,-nan,-nan
8056,3,-nan,-nan
8057,3,-nan,-nan
8058,3,-nan,-nan
8059,3,-nan,-nan
8060,3,-nan,-nan
8061,3,-nan,-nan
8062,3,-nan,-nan
8063,3,-nan,-nan
8064,3,-nan,-nan
8065,3,-nan,-nan
8066,3,-nan,-nan
8067,3,-nan,-nan
8068,3,-nan,-nan
8069,3,-nan,-nan
8070,3,-nan,-nan
8071,3,-nan,-nan
8072,3,-nan,-nan
8073,3,-nan,-nan
8074,3,-nan,-nan
8075,3,-nan,-nan
8076,3,-nan,-nan
8077,3,-nan,-nan
8078,3,-nan,-nan
8079,3,-nan,-nan
8080,3,-nan,-nan
8081,3,-nan,-nan
8082,3,-nan,-nan
8083,3,-nan,-nan
8084,3,-nan,-nan
8085,3,-nan,-nan
8086,3,-nan,-nan
8087,3,-nan,-nan
8088,3,-nan,-nan
8089,3,-nan,-nan
8090,3,-nan,-nan
8091,3,-nan,-nan
8092,3,-nan,-nan
8093,3,-nan,-nan
8094,3,-nan,-nan
8095,3,-nan,-nan
8096,3,-nan,-nan
8097,3,-nan,-nan
8098,3,-nan,-nan
8099,3,-nan,-nan
8100,3,-nan,-nan
8101,3,-nan,-nan
8102,3,-nan,-nan
8103,3,-nan,-nan
8104,3,-nan,-nan
8105,3,-nan,-nan
8106,3,-nan,-nan
8107,3,-nan,-nan
8108,3,-nan,-nan
8109,3,-nan,-nan
8110,3,-nan,-nan
8111,3,-nan,-nan
8112,3,-nan,-nan
8113,3,-nan,-nan
8114,3,-nan,-nan
8115,3,-nan,-nan
8116,3,-nan,-nan
8117,3,-nan,-nan
8118,3,-nan,-nan
8119,3,-nan,-nan
8120,3,-nan,-nan
8121,3,-nan,-nan
8122,3,-nan,-nan
8123,3,-nan,-nan
8124,3,-nan,-nan
8125,3,-nan,-nan
8126,3,-nan,-nan
8127,3,-nan,-nan
8128,3,-nan,-nan
8129,3,-nan,-nan
8130,3,-nan,-nan
8131,3,-nan,-nan
8132,3,-nan,-nan
8133,3,-nan,-nan
8134,3,-nan,-nan
8135,3,-nan,-nan
8136,3,-nan,-nan
8137,3,-nan,-nan
8138,3,-nan,-nan
8139,3,-nan,-nan
8140,3,-nan,-nan
8141,3,-nan,-nan
8142,3,-nan,-nan
8143,3,-nan,-nan
8144,3,-nan,-nan
8145,3,-nan,-nan
8146,3,-nan,-nan
8147,3,-nan,-nan
8148,3,-nan,-nan
8149,3,-nan,-nan
8150,3,-nan,-nan
8151,3,-nan,-nan
8152,3,-nan,-nan
8153,3,-nan,-nan
8154,3,-nan,-nan
8155,3,-nan,-nan
8156,3,-nan,-nan
8157,3,-nan,-nan
8158,3,-nan,-nan
8159,3,-nan,-nan
8160,3,-nan,-nan
8161,3,-nan,-nan
8162,3,-nan,-nan
8163,3,-nan,-nan
8164,3,-nan,-nan
8165,3,-nan,-nan
8166,3,-nan,-nan
8167,3,-nan,-nan
8168,3,-nan,-nan
8169,3,-nan,-nan
8170,3,-nan,-nan
8171,3,-nan,-nan
8172,3,-nan,-nan
8173,3,-nan,-nan
8174,3,-nan,-nan
8175,3,-nan,-nan
8176,3,-nan,-nan
8177,3,-nan,-nan
8178,3,-nan,-nan
8179,3,-nan,-nan
8180,3,-nan,-nan
8181,3,-nan,-nan
8182,3,-nan,-nan
8183,3,-nan,-nan
8184,3,-nan,-nan
8185,3,-nan,-nan
8186,3,-nan,-nan
8187,3,-nan,-nan
8188,3,-nan,-nan
8189,3,-nan,-nan
8190,3,-nan,-nan
8191,3,-nan,-nan
8192,3,-nan,-nan
8193,3,-nan,-nan
8194,3,-nan,-nan
8195,3,-nan,-nan
8196,3,-nan,-nan
8197,3,-nan,-nan
8198,3,-nan,-nan
8199,3,-nan,-nan
8200,3,-nan,-nan
8201,3,-nan,-nan
8202,3,-nan,-nan
8203,3,-nan,-nan
8204,3,-nan,-nan
8205,3,-nan,-nan
8206,3,-nan,-nan
8207,3,-nan,-nan
8208,3,-nan,-nan
8209,3,-nan,-nan
8210,3,-nan,-nan
8211,3,-nan,-nan
8212,3,-nan,-nan
8213,3,-nan,-nan
8214,3,-nan,-nan
8215,3,-nan,-nan
8216,3,-nan,-nan
8217,3,-nan,-nan
8218,3,-nan,-nan
8219,3,-nan,-nan
8220,3,-nan,-nan
8221,3,-nan,-nan
8222,3,-nan,-nan
8223,3,-nan,-nan
8224,3,-nan,-nan
8225,3,-nan,-nan
8226,3,-nan,-nan
8227,3,-nan,-nan
8228,3,-nan,-nan
8229,3,-nan,-nan
8230,3,-nan,-nan
8231,3,-nan,-nan
8232,3,-nan,-nan
8233,3,-nan,-nan
8234,3,-nan,-nan
8235,3,-nan,-nan
8236,3,-nan,-nan
8237,3,-nan,-nan
8238,3,-nan,-nan
8239,3,-nan,-nan
8240,3,-nan,-nan
8241,3,-nan,-nan
8242,3,-nan,-nan
8243,3,-nan,-nan
8244,3,-nan,-nan
8245,3,-nan,-nan
8246,3,-nan,-nan
8247,3,-nan,-nan
8248,3,-nan,-nan
8249,3,-nan,-nan
8250,3,-nan,-nan
8251,3,-nan,-nan
8252,3,-nan,-nan
8253,3,-nan,-nan
8254,3,-nan,-nan
8255,3,-nan,-nan
8256,3,-nan,-nan
8257,3,-nan,-nan
8258,3,-nan,-nan
8259,3,-nan,-nan
8260,3,-nan,-nan
8261,3,-nan,-nan
8262,3,-nan,-nan
8263,3,-nan,-nan
8264,3,-nan,-nan
8265,3,-nan,-nan
8266,3,-nan,-nan
8267,3,-nan,-nan
8268,3,-nan,-nan
8269,3,-nan,-nan
8270,3,-nan,-nan
8271,3,-nan,-nan
8272,3,-nan,-nan
8273,3,-nan,-nan
8274,3,-nan,-nan
8275,3,-nan,-nan
8276,3,-nan,-nan
8277,3,-nan,-nan
8278,3,-nan,-nan
8279,3,-nan,-nan
8280,3,-nan,-nan
8281,3,-nan,-nan
8282,3,-nan,-nan
8283,3,-nan,-nan
8284,3,-nan,-nan
8285,3,-nan,-nan
8286,3,-nan,-nan
8287,3,-nan,-nan
8288,3,-nan,-nan
8289,3,-nan,-nan
8290,3,-nan,-nan
8291,3,-nan,-nan
8292,3,-nan,-nan
8293,3,-nan,-nan
8294,3,-nan,-nan
8295,3,-nan,-nan
8296,3,-nan,-nan
8297,3,-nan,-nan
8298,3,-nan,-nan
8299,3,-nan,-nan
8300,3,-nan,-nan
8301,3,-nan,-nan
8302,3,-nan,-nan
8303,3,-nan,-nan
8304,3,-nan,-nan
8305,3,-nan,-nan
8306,3,-nan,-nan
8307,3,-nan,-nan
8308,3,-nan,-nan
8309,3,-nan,-nan
8310,3,-nan,-nan
8311,3,-nan,-nan
8312,3,-nan,-nan
8313,3,-nan,-nan
8314,3,-nan,-nan
8315,3,-nan,-nan
8316,3,-nan,-nan
8317,3,-nan,-nan
8318,3,-nan,-nan
8319,3,-nan,-nan
8320,3,-nan,-nan
8321,3,-nan,-nan
8322,3,-nan,-nan
8323,3,-nan,-nan
8324,3,-nan,-nan
8325,3,-nan,-nan
8326,3,-nan,-nan
8327,3,-nan,-nan
8328,3,-nan,-nan
8329,3,-nan,-nan
8330,3,-nan,-nan
8331,3,-nan,-nan
8332,3,-nan,-nan
8333,3,-nan,-nan
8334,3,-nan,-nan
8335,3,-nan,-nan
8336,3,-nan,-nan
8337,3,-nan,-nan
8338,3,-nan,-nan
8339,3,-nan,-nan
8340,3,-nan,-nan
8341,3,-nan,-nan
8342,3,-nan,-nan
8343,3,-nan,-nan
8344,3,-nan,-nan
8345,3,-nan,-nan
8346,3,-nan,-nan
8347,3,-nan,-nan
8348,3,-nan,-nan
8349,3,-nan,-nan
8350,3,-nan,-nan
8351,3,-nan,-nan
8352,3,-nan,-nan
8353,3,-nan,-nan
8354,3,-nan,-nan
8355,3,-nan,-nan
8356,3,-nan,-nan
8357,3,-nan,-nan
8358,3,-nan,-nan
8359,3,-nan,-nan
8360,3,-nan,-nan
8361,3,-nan,-nan
8362,3,-nan,-nan
8363,3,-nan,-nan
8364,3,-nan,-nan
8365,3,-nan,-nan
8366,3,-nan,-nan
8367,3,-nan,-nan
8368,3,-nan,-nan
8369,3,-nan,-nan
8370,3,-nan,-nan
8371,3,-nan,-nan
8372,3,-nan,-nan
8373,3,-nan,-nan
8374,3,-nan,-nan
8375,3,-nan,-nan
8376,3,-nan,-nan
8377,3,-nan,-nan
8378,3,-nan,-nan
8379,3,-nan,-nan
8380,3,-nan,-nan
8381,3,-nan,-nan
8382,3,-nan,-nan
8383,3,-nan,-nan
8384,3,-nan,-nan
8385,3,-nan,-nan
8386,3,-nan,-nan
8387,3,-nan,-nan
8388,3,-nan,-nan
8389,3,-nan,-nan
8390,3,-nan,-nan
8391,3,-nan,-nan
8392,3,-nan,-nan
8393,3,-nan,-nan
8394,3,-nan,-nan
8395,3,-nan,-nan
8396,3,-nan,-nan
8397,3,-nan,-nan
8398,3,-nan,-nan
8399,3,-nan,-nan
8400,3,-nan,-nan
8401,3,-nan,-nan
8402,3,-nan,-nan
8403,3,-nan,-nan
8404,3,-nan,-nan
8405,3,-nan,-nan
8406,3,-nan,-nan
8407,3,-nan,-nan
8408,3,-nan,-nan
8409,3,-nan,-nan
8410,3,-nan,-nan
8411,3,-nan,-nan
8412,3,-nan,-nan
8413,3,-nan,-nan
8414,3,-nan,-nan
8415,3,-nan,-nan
8416,3,-nan,-nan
8417,3,-nan,-nan
8418,3,-nan,-nan
8419,3,-nan,-nan
8420,3,-nan,-nan
8421,3,-nan,-nan
8422,3,-nan,-nan
8423,3,-nan,-nan
8424,3,-nan,-nan
8425,3,-nan,-nan
8426,3,-nan,-nan
8427,3,-nan,-nan
8428,3,-nan,-nan
8429,3,-nan,-nan
8430,3,-nan,-nan
8431,3,-nan,-nan
8432,3,-nan,-nan
8433,3,-nan,-nan
8434,3,-nan,-nan
8435,3,-nan,-nan
8436,3,-nan,-nan
8437,3,-nan,-nan
8438,3,-nan,-nan
8439,3,-nan,-nan
8440,3,-nan,-nan
8441,3,-nan,-nan
8442,3,-nan,-nan
8443,3,-nan,-nan
8444,3,-nan,-nan
8445,3,-nan,-nan
8446,3,-nan,-nan
8447,3,-nan,-nan
8448,3,-nan,-nan
8449,3,-nan,-nan
8450,3,-nan,-nan
8451,3,-nan,-nan
8452,3,-nan,-nan
8453,3,-nan,-nan
8454,3,-nan,-nan
8455,3,-nan,-nan
8456,3,-nan,-nan
8457,3,-nan,-nan
8458,3,-nan,-nan
8459,3,-nan,-nan
8460,3,-nan,-nan
8461,3,-nan,-nan
8462,3,-nan,-nan
8463,3,-nan,-nan
8464,3,-nan,-nan
8465,3,-nan,-nan
8466,3,-nan,-nan
8467,3,-nan,-nan
8468,3,-nan,-nan
8469,3,-nan,-nan
8470,3,-nan,-nan
8471,3,-nan,-nan
8472,3,-nan,-nan
8473,3,-nan,-nan
8474,3,-nan,-nan
8475,3,-nan,-nan
8476,3,-nan,-nan
8477,3,-nan,-nan
8478,3,-nan,-nan
8479,3,-nan,-nan
8480,3,-nan,-nan
8481,3,-nan,-nan
8482,3,-nan,-nan
8483,3,-nan,-nan
8484,3,-nan,-nan
8485,3,-nan,-nan
8486,3,-nan,-nan
8487,3,-nan,-nan
8488,3,-nan,-nan
8489,3,-nan,-nan
8490,3,-nan,-nan
8491,3,-nan,-nan
8492,3,-nan,-nan
8493,3,-nan,-nan
8494,3,-nan,-nan
8495,3,-nan,-nan
8496,3,-nan,-nan
8497,3,-nan,-nan
8498,3,-nan,-nan
8499,3,-nan,-nan
8500,3,-nan,-nan
8501,3,-nan,-nan
8502,3,-nan,-nan
8503,3,-nan,-nan
8504,3,-nan,-nan
8505,3,-nan,-nan
8506,3,-nan,-nan
8507,3,-nan,-nan
8508,3,-nan,-nan
8509,3,-nan,-nan
8510,3,-nan,-nan
8511,3,-nan,-nan
8512,3,-nan,-nan
8513,3,-nan,-nan
8514,3,-nan,-nan
8515,3,-nan,-nan
8516,3,-nan,-nan
8517,3,-nan,-nan
8518,3,-nan,-nan
8519,3,-nan,-nan
8520,3,-nan,-nan
8521,3,-nan,-nan
8522,3,-nan,-nan
8523,3,-nan,-nan
8524,3,-nan,-nan
8525,3,-nan,-nan
8526,3,-nan,-nan
8527,3,-nan,-nan
8528,3,-nan,-nan
8529,3,-nan,-nan
8530,3,-nan,-nan
8531,3,-nan,-nan
8532,3,-nan,-nan
8533,3,-nan,-nan
8534,3,-nan,-nan
8535,3,-nan,-nan
8536,3,-nan,-nan
8537,3,-nan,-nan
8538,3,-nan,-nan
8539,3,-nan,-nan
8540,3,-nan,-nan
8541,3,-nan,-nan
8542,3,-nan,-nan
8543,3,-nan,-nan
8544,3,-nan,-nan
8545,3,-nan,-nan
8546,3,-nan,-nan
8547,3,-nan,-nan
8548,3,-nan,-nan
8549,3,-nan,-nan
8550,3,-nan,-nan
8551,3,-nan,-nan
8552,3,-nan,-nan
8553,3,-nan,-nan
8554,3,-nan,-nan
8555,3,-nan,-nan
8556,3,-nan,-nan
8557,3,-nan,-nan
8558,3,-nan,-nan
8559,3,-nan,-nan
8560,3,-nan,-nan
8561,3,-nan,-nan
8562,3,-nan,-nan
8563,3,-nan,-nan
8564,3,-nan,-nan
8565,3,-nan,-nan
8566,3,-nan,-nan
8567,3,-nan,-nan
8568,3,-nan,-nan
8569,3,-nan,-nan
8570,3,-nan,-nan
8571,3,-nan,-nan
8572,3,-nan,-nan
8573,3,-nan,-nan
8574,3,-nan,-nan
8575,3,-nan,-nan
8576,3,-nan,-nan
8577,3,-nan,-nan
8578,3,-nan,-nan
8579,3,-nan,-nan
8580,3,-nan,-nan
8581,3,-nan,-nan
8582,3,-nan,-nan
8583,3,-nan,-nan
8584,3,-nan,-nan
8585,3,-nan,-nan
8586,3,-nan,-nan
8587,3,-nan,-nan
8588,3,-nan,-nan
8589,3,-nan,-nan
8590,3,-nan,-nan
8591,3,-nan,-nan
8592,3,-nan,-nan
8593,3,-nan,-nan
8594,3,-nan,-nan
8595,3,-nan,-nan
8596,3,-nan,-nan
8597,3,-nan,-nan
8598,3,-nan,-nan
8599,3,-nan,-nan
8600,3,-nan,-nan
8601,3,-nan,-nan
8602,3,-nan,-nan
8603,3,-nan,-nan
8604,3,-nan,-nan
8605,3,-nan,-nan
8606,3,-nan,-nan
8607,3,-nan,-nan
8608,3,-nan,-nan
8609,3,-nan,-nan
8610,3,-nan,-nan
8611,3,-nan,-nan
8612,3,-nan,-nan
8613,3,-nan,-nan
8614,3,-nan,-nan
8615,3,-nan,-nan
8616,3,-nan,-nan
8617,3,-nan,-nan
8618,3,-nan,-nan
8619,3,-nan,-nan
8620,3,-nan,-nan
8621,3,-nan,-nan
8622,3,-nan,-nan
8623,3,-nan,-nan
8624,3,-nan,-nan
8625,3,-nan,-nan
8626,3,-nan,-nan
8627,3,-nan,-nan
8628,3,-nan,-nan
8629,3,-nan,-nan
8630,3,-nan,-nan
8631,3,-nan,-nan
8632,3,-nan,-nan
8633,3,-nan,-nan
8634,3,-nan,-nan
8635,3,-nan,-nan
8636,3,-nan,-nan
8637,3,-nan,-nan
8638,3,-nan,-nan
8639,3,-nan,-nan
8640,3,-nan,-nan
8641,3,-nan,-nan
8642,3,-nan,-nan
8643,3,-nan,-nan
8644,3,-nan,-nan
8645,3,-nan,-nan
8646,3,-nan,-nan
8647,3,-nan,-nan
8648,3,-nan,-nan
8649,3,-nan,-nan
8650,3,-nan,-nan
8651,3,-nan,-nan
8652,3,-nan,-nan
8653,3,-nan,-nan
8654,3,-nan,-nan
8655,3,-nan,-nan
8656,3,-nan,-nan
8657,3,-nan,-nan
8658,3,-nan,-nan
8659,3,-nan,-nan
8660,3,-nan,-nan
8661,3,-nan,-nan
8662,3,-nan,-nan
8663,3,-nan,-nan
8664,3,-nan,-nan
8665,3,-nan,-nan
8666,3,-nan,-nan
8667,3,-nan,-nan
8668,3,-nan,-nan
8669,3,-nan,-nan
8670,3,-nan,-nan
8671,3,-nan,-nan
8672,3,-nan,-nan
8673,3,-nan,-nan
8674,3,-nan,-nan
8675,3,-nan,-nan
8676,3,-nan,-nan
8677,3,-nan,-nan
8678,3,-nan,-nan
8679,3,-nan,-nan
8680,3,-nan,-nan
8681,3,-nan,-nan
8682,3,-nan,-nan
8683,3,-nan,-nan
8684,3,-nan,-nan
8685,3,-nan,-nan
8686,3,-nan,-nan
8687,3,-nan,-nan
8688,3,-nan,-nan
8689,3,-nan,-nan
8690,3,-nan,-nan
8691,3,-nan,-nan
8692,3,-nan,-nan
8693,3,-nan,-nan
8694,3,-nan,-nan
8695,3,-nan,-nan
8696,3,-nan,-nan
8697,3,-nan,-nan
8698,3,-nan,-nan
8699,3,-nan,-nan
8700,3,-nan,-nan
8701,3,-nan,-nan
8702,3,-nan,-nan
8703,3,-nan,-nan
8704,3,-nan,-nan
8705,3,-nan,-nan
8706,3,-nan,-nan
8707,3,-nan,-nan
8708,3,-nan,-nan
8709,3,-nan,-nan
8710,3,-nan,-nan
8711,3,-nan,-nan
8712,3,-nan,-nan
8713,3,-nan,-nan
8714,3,-nan,-nan
8715,3,-nan,-nan
8716,3,-nan,-nan
8717,3,-nan,-nan
8718,3,-nan,-nan
8719,3,-nan,-nan
8720,3,-nan,-nan
8721,3,-nan,-nan
8722,3,-nan,-nan
8723,3,-nan,-nan
8724,3,-nan,-nan
8725,3,-nan,-nan
8726,3,-nan,-nan
8727,3,-nan,-nan
8728,3,-nan,-nan
8729,3,-nan,-nan
8730,3,-nan,-nan
8731,3,-nan,-nan
8732,3,-nan,-nan
8733,3,-nan,-nan
8734,3,-nan,-nan
8735,3,-nan,-nan
8736,3,-nan,-nan
8737,3,-nan,-nan
8738,3,-nan,-nan
8739,3,-nan,-nan
8740,3,-nan,-nan
8741,3,-nan,-nan
8742,3,-nan,-nan
8743,3,-nan,-nan
8744,3,-nan,-nan
8745,3,-nan,-nan
8746,3,-nan,-nan
8747,3,-nan,-nan
8748,3,-nan,-nan
8749,3,-nan,-nan
8750,3,-nan,-nan
8751,3,-nan,-nan
8752,3,-nan,-nan
8753,3,-nan,-nan
8754,3,-nan,-nan
8755,3,-nan,-nan
8756,3,-nan,-nan
8757,3,-nan,-nan
8758,3,-nan,-nan
8759,3,-nan,-nan
8760,3,-nan,-nan
8761,3,-nan,-nan
8762,3,-nan,-nan
8763,3,-nan,-nan
8764,3,-nan,-nan
8765,3,-nan,-nan
8766,3,-nan,-nan
8767,3,-nan,-nan
8768,3,-nan,-nan
8769,3,-nan,-nan
8770,3,-nan,-nan
8771,3,-nan,-nan
8772,3,-nan,-nan
8773,3,-nan,-nan
8774,3,-nan,-nan
8775,3,-nan,-nan
8776,3,-nan,-nan
8777,3,-nan,-nan
8778,3,-nan,-nan
8779,3,-nan,-nan
8780,3,-nan,-nan
8781,3,-nan,-nan
8782,3,-nan,-nan
8783,3,-nan,-nan
8784,3,-nan,-nan
8785,3,-nan,-nan
8786,3,-nan,-nan
8787,3,-nan,-nan
8788,3,-nan,-nan
8789,3,-nan,-nan
8790,3,-nan,-nan
8791,3,-nan,-nan
8792,3,-nan,-nan
8793,3,-nan,-nan
8794,3,-nan,-nan
8795,3,-nan,-nan
8796,3,-nan,-nan
8797,3,-nan,-nan
8798,3,-nan,-nan
8799,3,-nan,-nan
8800,3,-nan,-nan
8801,3,-nan,-nan
8802,3,-nan,-nan
8803,3,-nan,-nan
8804,3,-nan,-nan
8805,3,-nan,-nan
8806,3,-nan,-nan
8807,3,-nan,-nan
8808,3,-nan,-nan
8809,3,-nan,-nan
8810,3,-nan,-nan
8811,3,-nan,-nan
8812,3,-nan,-nan
8813,3,-nan,-nan
8814,3,-nan,-nan
8815,3,-nan,-nan
8816,3,-nan,-nan
8817,3,-nan,-nan
8818,3,-nan,-nan
8819,3,-nan,-nan
8820,3,-nan,-nan
8821,3,-nan,-nan
8822,3,-nan,-nan
8823,3,-nan,-nan
8824,3,-nan,-nan
8825,3,-nan,-nan
8826,3,-nan,-nan
8827,3,-nan,-nan
8828,3,-nan,-nan
8829,3,-nan,-nan
8830,3,-nan,-nan
8831,3,-nan,-nan
8832,3,-nan,-nan
8833,3,-nan,-nan
8834,3,-nan,-nan
8835,3,-nan,-nan
8836,3,-nan,-nan
8837,3,-nan,-nan
8838,3,-nan,-nan
8839,3,-nan,-nan
8840,3,-nan,-nan
8841,3,-nan,-nan
8842,3,-nan,-nan
8843,3,-nan,-nan
8844,3,-nan,-nan
8845,3,-nan,-nan
8846,3,-nan,-nan
8847,3,-nan,-nan
8848,3,-nan,-nan
8849,3,-nan,-nan
8850,3,-nan,-nan
8851,3,-nan,-nan
8852,3,-nan,-nan
8853,3,-nan,-nan
8854,3,-nan,-nan
8855,3,-nan,-nan
8856,3,-nan,-nan
8857,3,-nan,-nan
8858,3,-nan,-nan
8859,3,-nan,-nan
8860,3,-nan,-nan
8861,3,-nan,-nan
8862,3,-nan,-nan
8863,3,-nan,-nan
8864,3,-nan,-nan
8865,3,-nan,-nan
8866,3,-nan,-nan
8867,3,-nan,-nan
8868,3,-nan,-nan
8869,3,-nan,-nan
8870,3,-nan,-nan
8871,3,-nan,-nan
8872,3,-nan,-nan
8873,3,-nan,-nan
8874,3,-nan,-nan
8875,3,-nan,-nan
8876,3,-nan,-nan
8877,3,-nan,-nan
8878,3,-nan,-nan
8879,3,-nan,-nan
8880,3,-nan,-nan
8881,3,-nan,-nan
8882,3,-nan,-nan
8883,3,-nan,-nan
8884,3,-nan,-nan
8885,3,-nan,-nan
8886,3,-nan,-nan
8887,3,-nan,-nan
8888,3,-nan,-nan
8889,3,-nan,-nan
8890,3,-nan,-nan
8891,3,-nan,-nan
8892,3,-nan,-nan
8893,3,-nan,-nan
8894,3,-nan,-nan
8895,3,-nan,-nan
8896,3,-nan,-nan
8897,3,-nan,-nan
8898,3,-nan,-nan
8899,3,-nan,-nan
8900,3,-nan,-nan
8901,3,-nan,-nan
8902,3,-nan,-nan
8903,3,-nan,-nan
8904,3,-nan,-nan
8905,3,-nan,-nan
8906,3,-nan,-nan
8907,3,-nan,-nan
8908,3,-nan,-nan
8909,3,-nan,-nan
8910,3,-nan,-nan
8911,3,-nan,-nan
8912,3,-nan,-nan
8913,3,-nan,-nan
8914,3,-nan,-nan
8915,3,-nan,-nan
8916,3,-nan,-nan
8917,3,-nan,-nan
8918,3,-nan,-nan
8919,3,-nan,-nan
8920,3,-nan,-nan
8921,3,-nan,-nan
8922,3,-nan,-nan
8923,3,-nan,-nan
8924,3,-nan,-nan
8925,3,-nan,-nan
8926,3,-nan,-nan
8927,3,-nan,-nan
8928,3,-nan,-nan
8929,3,-nan,-nan
8930,3,-nan,-nan
8931,3,-nan,-nan
8932,3,-nan,-nan
8933,3,-nan,-nan
8934,3,-nan,-nan
8935,3,-nan,-nan
8936,3,-nan,-nan
8937,3,-nan,-nan
8938,3,-nan,-nan
8939,3,-nan,-nan
8940,3,-nan,-nan
8941,3,-nan,-nan
8942,3,-nan,-nan
8943,3,-nan,-nan
8944,3,-nan,-nan
8945,3,-nan,-nan
8946,3,-nan,-nan
8947,3,-nan,-nan
8948,3,-nan,-nan
8949,3,-nan,-nan
8950,3,-nan,-nan
8951,3,-nan,-nan
8952,3,-nan,-nan
8953,3,-nan,-nan
8954,3,-nan,-nan
8955,3,-nan,-nan
8956,3,-nan,-nan
8957,3,-nan,-nan
8958,3,-nan,-nan
8959,3,-nan,-nan
8960,3,-nan,-nan
8961,3,-nan,-nan
8962,3,-nan,-nan
8963,3,-nan,-nan
8964,3,-nan,-nan
8965,3,-nan,-nan
8966,3,-nan,-nan
8967,3,-nan,-nan
8968,3,-nan,-nan
8969,3,-nan,-nan
8970,3,-nan,-nan
8971,3,-nan,-nan
8972,3,-nan,-nan
8973,3,-nan,-nan
8974,3,-nan,-nan
8975,3,-nan,-nan
8976,3,-nan,-nan
8977,3,-nan,-nan
8978,3,-nan,-nan
8979,3,-nan,-nan
8980,3,-nan,-nan
8981,3,-nan,-nan
8982,3,-nan,-nan
8983,3,-nan,-nan
8984,3,-nan,-nan
8985,3,-nan,-nan
8986,3,-nan,-nan
8987,3,-nan,-nan
8988,3,-nan,-nan
8989,3,-nan,-nan
8990,3,-nan,-nan
8991,3,-nan,-nan
8992,3,-nan,-nan
8993,3,-nan,-nan
8994,3,-nan,-nan
8995,3,-nan,-nan
8996,3,-nan,-nan
8997,3,-nan,-nan
8998,3,-nan,-nan
8999,3,-nan,-nan
9000,3,-nan,-nan
9001,3,-nan,-nan
9002,3,-nan,-nan
9003,3,-nan,-nan
9004,3,-nan,-nan
9005,3,-nan,-nan
9006,3,-nan,-nan
9007,3,-nan,-nan
9008,3,-nan,-nan
9009,3,-nan,-nan
9010,3,-nan,-nan
9011,3,-nan,-nan
9012,3,-nan,-nan
9013,3,-nan,-nan
9014,3,-nan,-nan
9015,3,-nan,-nan
9016,3,-nan,-nan
9017,3,-nan,-nan
9018,3,-nan,-nan
9019,3,-nan,-nan
9020,3,-nan,-nan
9021,3,-nan,-nan
9022,3,-nan,-nan
9023,3,-nan,-nan
9024,3,-nan,-nan
9025,3,-nan,-nan
9026,3,-nan,-nan
9027,3,-nan,-nan
9028,3,-nan,-nan
9029,3,-nan,-nan
9030,3,-nan,-nan
9031,3,-nan,-nan
9032,3,-nan,-nan
9033,3,-nan,-nan
9034,3,-nan,-nan
9035,3,-nan,-nan
9036,3,-nan,-nan
9037,3,-nan,-nan
9038,3,-nan,-nan
9039,3,-nan,-nan
9040,3,-nan,-nan
9041,3,-nan,-nan
9042,3,-nan,-nan
9043,3,-nan,-nan
9044,3,-nan,-nan
9045,3,-nan,-nan
9046,3,-nan,-nan
9047,3,-nan,-nan
9048,3,-nan,-nan
9049,3,-nan,-nan
9050,3,-nan,-nan
9051,3,-nan,-nan
9052,3,-nan,-nan
9053,3,-nan,-nan
9054,3,-nan,-nan
9055,3,-nan,-nan
9056,3,-nan,-nan
9057,3,-nan,-nan
9058,3,-nan,-nan
9059,3,-nan,-nan
9060,3,-nan,-nan
9061,3,-nan,-nan
9062,3,-nan,-nan
9063,3,-nan,-nan
9064,3,-nan,-nan
9065,3,-nan,-nan
9066,3,-nan,-nan
9067,3,-nan,-nan
9068,3,-nan,-nan
9069,3,-nan,-nan
9070,3,-nan,-nan
9071,3,-nan,-nan
9072,3,-nan,-nan
9073,3,-nan,-nan
9074,3,-nan,-nan
9075,3,-nan,-nan
9076,3,-nan,-nan
9077,3,-nan,-nan
9078,3,-nan,-nan
9079,3,-nan,-nan
9080,3,-nan,-nan
9081,3,-nan,-nan
9082,3,-nan,-nan
9083,3,-nan,-nan
9084,3,-nan,-nan
9085,3,-nan,-nan
9086,3,-nan,-nan
9087,3,-nan,-nan
9088,3,-nan,-nan
9089,3,-nan,-nan
9090,3,-nan,-nan
9091,3,-nan,-nan
9092,3,-nan,-nan
9093,3,-nan,-nan
9094,3,-nan,-nan
9095,3,-nan,-nan
9096,3,-nan,-nan
9097,3,-nan,-nan
9098,3,-nan,-nan
9099,3,-nan,-nan
9100,3,-nan,-nan
9101,3,-nan,-nan
9102,3,-nan,-nan
9103,3,-nan,-nan
9104,3,-nan,-nan
9105,3,-nan,-nan
9106,3,-nan,-nan
9107,3,-nan,-nan
9108,3,-nan,-nan
9109,3,-nan,-nan
9110,3,-nan,-nan
9111,3,-nan,-nan
9112,3,-nan,-nan
9113,3,-nan,-nan
9114,3,-nan,-nan
9115,3,-nan,-nan
9116,3,-nan,-nan
9117,3,-nan,-nan
9118,3,-nan,-nan
9119,3,-nan,-nan
9120,3,-nan,-nan
9121,3,-nan,-nan
9122,3,-nan,-nan
9123,3,-nan,-nan
9124,3,-nan,-nan
9125,3,-nan,-nan
9126,3,-nan,-nan
9127,3,-nan,-nan
9128,3,-nan,-nan
9129,3,-nan,-nan
9130,3,-nan,-nan
9131,3,-nan,-nan
9132,3,-nan,-nan
9133,3,-nan,-nan
9134,3,-nan,-nan
9135,3,-nan,-nan
9136,3,-nan,-nan
9137,3,-nan,-nan
9138,3,-nan,-nan
9139,3,-nan,-nan
9140,3,-nan,-nan
9141,3,-nan,-nan
9142,3,-nan,-nan
9143,3,-nan,-nan
9144,3,-nan,-nan
9145,3,-nan,-nan
9146,3,-nan,-nan
9147,3,-nan,-nan
9148,3,-nan,-nan
9149,3,-nan,-nan
9150,3,-nan,-nan
9151,3,-nan,-nan
9152,3,-nan,-nan
9153,3,-nan,-nan
9154,3,-nan,-nan
9155,3,-nan,-nan
9156,3,-nan,-nan
9157,3,-nan,-nan
9158,3,-nan,-nan
9159,3,-nan,-nan
9160,3,-nan,-nan
9161,3,-nan,-nan
9162,3,-nan,-nan
9163,3,-nan,-nan
9164,3,-nan,-nan
9165,3,-nan,-nan
9166,3,-nan,-nan
9167,3,-nan,-nan
9168,3,-nan,-nan
9169,3,-nan,-nan
9170,3,-nan,-nan
9171,3,-nan,-nan
9172,3,-nan,-nan
9173,3,-nan,-nan
9174,3,-nan,-nan
9175,3,-nan,-nan
9176,3,-nan,-nan
9177,3,-nan,-nan
9178,3,-nan,-nan
9179,3,-nan,-nan
9180,3,-nan,-nan
9181,3,-nan,-nan
9182,3,-nan,-nan
9183,3,-nan,-nan
9184,3,-nan,-nan
9185,3,-nan,-nan
9186,3,-nan,-nan
9187,3,-nan,-nan
9188,3,-nan,-nan
9189,3,-nan,-nan
9190,3,-nan,-nan
9191,3,-nan,-nan
9192,3,-nan,-nan
9193,3,-nan,-nan
9194,3,-nan,-nan
9195,3,-nan,-nan
9196,3,-nan,-nan
9197,3,-nan,-nan
9198,3,-nan,-nan
9199,3,-nan,-nan
9200,3,-nan,-nan
9201,3,-nan,-nan
9202,3,-nan,-nan
9203,3,-nan,-nan
9204,3,-nan,-nan
9205,3,-nan,-nan
9206,3,-nan,-nan
9207,3,-nan,-nan
9208,3,-nan,-nan
9209,3,-nan,-nan
9210,3,-nan,-nan
9211,3,-nan,-nan
9212,3,-nan,-nan
9213,3,-nan,-nan
9214,3,-nan,-nan
9215,3,-nan,-nan
9216,3,-nan,-nan
9217,3,-nan,-nan
9218,3,-nan,-nan
9219,3,-nan,-nan
9220,3,-nan,-nan
9221,3,-nan,-nan
9222,3,-nan,-nan
9223,3,-nan,-nan
9224,3,-nan,-nan
9225,3,-nan,-nan
9226,3,-nan,-nan
9227,3,-nan,-nan
9228,3,-nan,-nan
9229,3,-nan,-nan
9230,3,-nan,-nan
9231,3,-nan,-nan
9232,3,-nan,-nan
9233,3,-nan,-nan
9234,3,-nan,-nan
9235,3,-nan,-nan
9236,3,-nan,-nan
9237,3,-nan,-nan
9238,3,-nan,-nan
9239,3,-nan,-nan
9240,3,-nan,-nan
9241,3,-nan,-nan
9242,3,-nan,-nan
9243,3,-nan,-nan
9244,3,-nan,-nan
9245,3,-nan,-nan
9246,3,-nan,-nan
9247,3,-nan,-nan
9248,3,-nan,-nan
9249,3,-nan,-nan
9250,3,-nan,-nan
9251,3,-nan,-nan
9252,3,-nan,-nan
9253,3,-nan,-nan
9254,3,-nan,-nan
9255,3,-nan,-nan
9256,3,-nan,-nan
9257,3,-nan,-nan
9258,3,-nan,-nan
9259,3,-nan,-nan
9260,3,-nan,-nan
9261,3,-nan,-nan
9262,3,-nan,-nan
9263,3,-nan,-nan
9264,3,-nan,-nan
9265,3,-nan,-nan
9266,3,-nan,-nan
9267,3,-nan,-nan
9268,3,-nan,-nan
9269,3,-nan,-nan
9270,3,-nan,-nan
9271,3,-nan,-nan
9272,3,-nan,-nan
9273,3,-nan,-nan
9274,3,-nan,-nan
9275,3,-nan,-nan
9276,3,-nan,-nan
9277,3,-nan,-nan
9278,3,-nan,-nan
9279,3,-nan,-nan
9280,3,-nan,-nan
9281,3,-nan,-nan
9282,3,-nan,-nan
9283,3,-nan,-nan
9284,3,-nan,-nan
9285,3,-nan,-nan
9286,3,-nan,-nan
9287,3,-nan,-nan
9288,3,-nan,-nan
9289,3,-nan,-nan
9290,3,-nan,-nan
9291,3,-nan,-nan
9292,3,-nan,-nan
9293,3,-nan,-nan
9294,3,-nan,-nan
9295,3,-nan,-nan
9296,3,-nan,-nan
9297,3,-nan,-nan
9298,3,-nan,-nan
9299,3,-nan,-nan
9300,3,-nan,-nan
9301,3,-nan,-nan
9302,3,-nan,-nan
9303,3,-nan,-nan
9304,3,-nan,-nan
9305,3,-nan,-nan
9306,3,-nan,-nan
9307,3,-nan,-nan
9308,3,-nan,-nan
9309,3,-nan,-nan
9310,3,-nan,-nan
9311,3,-nan,-nan
9312,3,-nan,-nan
9313,3,-nan,-nan
9314,3,-nan,-nan
9315,3,-nan,-nan
9316,3,-nan,-nan
9317,3,-nan,-nan
9318,3,-nan,-nan
9319,3,-nan,-nan
9320,3,-nan,-nan
9321,3,-nan,-nan
9322,3,-nan,-nan
9323,3,-nan,-nan
9324,3,-nan,-nan
9325,3,-nan,-nan
9326,3,-nan,-nan
9327,3,-nan,-nan
9328,3,-nan,-nan
9329,3,-nan,-nan
9330,3,-nan,-nan
9331,3,-nan,-nan
9332,3,-nan,-nan
9333,3,-nan,-nan
9334,3,-nan,-nan
9335,3,-nan,-nan
9336,3,-nan,-nan
9337,3,-nan,-nan
9338,3,-nan,-nan
9339,3,-nan,-nan
9340,3,-nan,-nan
9341,3,-nan,-nan
9342,3,-nan,-nan
9343,3,-nan,-nan
9344,3,-nan,-nan
9345,3,-nan,-nan
9346,3,-nan,-nan
9347,3,-nan,-nan
9348,3,-nan,-nan
9349,3,-nan,-nan
9350,3,-nan,-nan
9351,3,-nan,-nan
9352,3,-nan,-nan
9353,3,-nan,-nan
9354,3,-nan,-nan
9355,3,-nan,-nan
9356,3,-nan,-nan
9357,3,-nan,-nan
9358,3,-nan,-nan
9359,3,-nan,-nan
9360,3,-nan,-nan
9361,3,-nan,-nan
9362,3,-nan,-nan
9363,3,-nan,-nan
9364,3,-nan,-nan
9365,3,-nan,-nan
9366,3,-nan,-nan
9367,3,-nan,-nan
9368,3,-nan,-nan
9369,3,-nan,-nan
9370,3,-nan,-nan
9371,3,-nan,-nan
9372,3,-nan,-nan
9373,3,-nan,-nan
9374,3,-nan,-nan
9375,3,-nan,-nan
9376,3,-nan,-nan
9377,3,-nan,-nan
9378,3,-nan,-nan
9379,3,-nan,-nan
9380,3,-nan,-nan
9381,3,-nan,-nan
9382,3,-nan,-nan
9383,3,-nan,-nan
9384,3,-nan,-nan
9385,3,-nan,-nan
9386,3,-nan,-nan
9387,3,-nan,-nan
9388,3,-nan,-nan
9389,3,-nan,-nan
9390,3,-nan,-nan
9391,3,-nan,-nan
9392,3,-nan,-nan
9393,3,-nan,-nan
9394,3,-nan,-nan
9395,3,-nan,-nan
9396,3,-nan,-nan
9397,3,-nan,-nan
9398,3,-nan,-nan
9399,3,-nan,-nan
9400,3,-nan,-nan
9401,3,-nan,-nan
9402,3,-nan,-nan
9403,3,-nan,-nan
9404,3,-nan,-nan
9405,3,-nan,-nan
9406,3,-nan,-nan
9407,3,-nan,-nan
9408,3,-nan,-nan
9409,3,-nan,-nan
9410,3,-nan,-nan
9411,3,-nan,-nan
9412,3,-nan,-nan
9413,3,-nan,-nan
9414,3,-nan,-nan
9415,3,-nan,-nan
9416,3,-nan,-nan
9417,3,-nan,-nan
9418,3,-nan,-nan
9419,3,-nan,-nan
9420,3,-nan,-nan
9421,3,-nan,-nan
9422,3,-nan,-nan
9423,3,-nan,-nan
9424,3,-nan,-nan
9425,3,-nan,-nan
9426,3,-nan,-nan
9427,3,-nan,-nan
9428,3,-nan,-nan
9429,3,-nan,-nan
9430,3,-nan,-nan
9431,3,-nan,-nan
9432,3,-nan,-nan
9433,3,-nan,-nan
9434,3,-nan,-nan
9435,3,-nan,-nan
9436,3,-nan,-nan
9437,3,-nan,-nan
9438,3,-nan,-nan
9439,3,-nan,-nan
9440,3,-nan,-nan
9441,3,-nan,-nan
9442,3,-nan,-nan
9443,3,-nan,-nan
9444,3,-nan,-nan
9445,3,-nan,-nan
9446,3,-nan,-nan
9447,3,-nan,-nan
9448,3,-nan,-nan
9449,3,-nan,-nan
9450,3,-nan,-nan
9451,3,-nan,-nan
9452,3,-nan,-nan
9453,3,-nan,-nan
9454,3,-nan,-nan
9455,3,-nan,-nan
9456,3,-nan,-nan
9457,3,-nan,-nan
9458,3,-nan,-nan
9459,3,-nan,-nan
9460,3,-nan,-nan
9461,3,-nan,-nan
9462,3,-nan,-nan
9463,3,-nan,-nan
9464,3,-nan,-nan
9465,3,-nan,-nan
9466,3,-nan,-nan
9467,3,-nan,-nan
9468,3,-nan,-nan
9469,3,-nan,-nan
9470,3,-nan,-nan
9471,3,-nan,-nan
9472,3,-nan,-nan
9473,3,-nan,-nan
9474,3,-nan,-nan
9475,3,-nan,-nan
9476,3,-nan,-nan
9477,3,-nan,-nan
9478,3,-nan,-nan
9479,3,-nan,-nan
9480,3,-nan,-nan
9481,3,-nan,-nan
9482,3,-nan,-nan
9483,3,-nan,-nan
9484,3,-nan,-nan
9485,3,-nan,-nan
9486,3,-nan,-nan
9487,3,-nan,-nan
9488,3,-nan,-nan
9489,3,-nan,-nan
9490,3,-nan,-nan
9491,3,-nan,-nan
9492,3,-nan,-nan
9493,3,-nan,-nan
9494,3,-nan,-nan
9495,3,-nan,-nan
9496,3,-nan,-nan
9497,3,-nan,-nan
9498,3,-nan,-nan
9499,3,-nan,-nan
9500,3,-nan,-nan
9501,3,-nan,-nan
9502,3,-nan,-nan
9503,3,-nan,-nan
9504,3,-nan,-nan
9505,3,-nan,-nan
9506,3,-nan,-nan
9507,3,-nan,-nan
9508,3,-nan,-nan
9509,3,-nan,-nan
9510,3,-nan,-nan
9511,3,-nan,-nan
9512,3,-nan,-nan
9513,3,-nan,-nan
9514,3,-nan,-nan
9515,3,-nan,-nan
9516,3,-nan,-nan
9517,3,-nan,-nan
9518,3,-nan,-nan
9519,3,-nan,-nan
9520,3,-nan,-nan
9521,3,-nan,-nan
9522,3,-nan,-nan
9523,3,-nan,-nan
9524,3,-nan,-nan
9525,3,-nan,-nan
9526,3,-nan,-nan
9527,3,-nan,-nan
9528,3,-nan,-nan
9529,3,-nan,-nan
9530,3,-nan,-nan
9531,3,-nan,-nan
9532,3,-nan,-nan
9533,3,-nan,-nan
9534,3,-nan,-nan
9535,3,-nan,-nan
9536,3,-nan,-nan
9537,3,-nan,-nan
9538,3,-nan,-nan
9539,3,-nan,-nan
9540,3,-nan,-nan
9541,3,-nan,-nan
9542,3,-nan,-nan
9543,3,-nan,-nan
9544,3,-nan,-nan
9545,3,-nan,-nan
9546,3,-nan,-nan
9547,3,-nan,-nan
9548,3,-nan,-nan
9549,3,-nan,-nan
9550,3,-nan,-nan
9551,3,-nan,-nan
9552,3,-nan,-nan
9553,3,-nan,-nan
9554,3,-nan,-nan
9555,3,-nan,-nan
9556,3,-nan,-nan
9557,3,-nan,-nan
9558,3,-nan,-nan
9559,3,-nan,-nan
9560,3,-nan,-nan
9561,3,-nan,-nan
9562,3,-nan,-nan
9563,3,-nan,-nan
9564,3,-nan,-nan
9565,3,-nan,-nan
9566,3,-nan,-nan
9567,3,-nan,-nan
9568,3,-nan,-nan
9569,3,-nan,-nan
9570,3,-nan,-nan
9571,3,-nan,-nan
9572,3,-nan,-nan
9573,3,-nan,-nan
9574,3,-nan,-nan
9575,3,-nan,-nan
9576,3,-nan,-nan
9577,3,-nan,-nan
9578,3,-nan,-nan
9579,3,-nan,-nan
9580,3,-nan,-nan
9581,3,-nan,-nan
9582,3,-nan,-nan
9583,3,-nan,-nan
9584,3,-nan,-nan
9585,3,-nan,-nan
9586,3,-nan,-nan
9587,3,-nan,-nan
9588,3,-nan,-nan
9589,3,-nan,-nan
9590,3,-nan,-nan
9591,3,-nan,-nan
9592,3,-nan,-nan
9593,3,-nan,-nan
9594,3,-nan,-nan
9595,3,-nan,-nan
9596,3,-nan,-nan
9597,3,-nan,-nan
9598,3,-nan,-nan
9599,3,-nan,-nan
9600,3,-nan,-nan
9601,3,-nan,-nan
9602,3,-nan,-nan
9603,3,-nan,-nan
9604,3,-nan,-nan
9605,3,-nan,-nan
9606,3,-nan,-nan
9607,3,-nan,-nan
9608,3,-nan,-nan
9609,3,-nan,-nan
9610,3,-nan,-nan
9611,3,-nan,-nan
9612,3,-nan,-nan
9613,3,-nan,-nan
9614,3,-nan,-nan
9615,3,-nan,-nan
9616,3,-nan,-nan
9617,3,-nan,-nan
9618,3,-nan,-nan
9619,3,-nan,-nan
9620,3,-nan,-nan
9621,3,-nan,-nan
9622,3,-nan,-nan
9623,3,-nan,-nan
9624,3,-nan,-nan
9625,3,-nan,-nan
9626,3,-nan,-nan
9627,3,-nan,-nan
9628,3,-nan,-nan
9629,3,-nan,-nan
9630,3,-nan,-nan
9631,3,-nan,-nan
9632,3,-nan,-nan
9633,3,-nan,-nan
9634,3,-nan,-nan
9635,3,-nan,-nan
9636,3,-nan,-nan
9637,3,-nan,-nan
9638,3,-nan,-nan
9639,3,-nan,-nan
9640,3,-nan,-nan
9641,3,-nan,-nan
9642,3,-nan,-nan
9643,3,-nan,-nan
9644,3,-nan,-nan
9645,3,-nan,-nan
9646,3,-nan,-nan
9647,3,-nan,-nan
9648,3,-nan,-nan
9649,3,-nan,-nan
9650,3,-nan,-nan
9651,3,-nan,-nan
9652,3,-nan,-nan
9653,3,-nan,-nan
9654,3,-nan,-nan
9655,3,-nan,-nan
9656,3,-nan,-nan
9657,3,-nan,-nan
9658,3,-nan,-nan
9659,3,-nan,-nan
9660,3,-nan,-nan
9661,3,-nan,-nan
9662,3,-nan,-nan
9663,3,-nan,-nan
9664,3,-nan,-nan
9665,3,-nan,-nan
9666,3,-nan,-nan
9667,3,-nan,-nan
9668,3,-nan,-nan
9669,3,-nan,-nan
9670,3,-nan,-nan
9671,3,-nan,-nan
9672,3,-nan,-nan
9673,3,-nan,-nan
9674,3,-nan,-nan
9675,3,-nan,-nan
9676,3,-nan,-nan
9677,3,-nan,-nan
9678,3,-nan,-nan
9679,3,-nan,-nan
9680,3,-nan,-nan
9681,3,-nan,-nan
9682,3,-nan,-nan
9683,3,-nan,-nan
9684,3,-nan,-nan
9685,3,-nan,-nan
9686,3,-nan,-nan
9687,3,-nan,-nan
9688,3,-nan,-nan
9689,3,-nan,-nan
9690,3,-nan,-nan
9691,3,-nan,-nan
9692,3,-nan,-nan
9693,3,-nan,-nan
9694,3,-nan,-nan
9695,3,-nan,-nan
9696,3,-nan,-nan
9697,3,-nan,-nan
9698,3,-nan,-nan
9699,3,-nan,-nan
9700,3,-nan,-nan
9701,3,-nan,-nan
9702,3,-nan,-nan
9703,3,-nan,-nan
9704,3,-nan,-nan
9705,3,-nan,-nan
9706,3,-nan,-nan
9707,3,-nan,-nan
9708,3,-nan,-nan
9709,3,-nan,-nan
9710,3,-nan,-nan
9711,3,-nan,-nan
9712,3,-nan,-nan
9713,3,-nan,-nan
9714,3,-nan,-nan
9715,3,-nan,-nan
9716,3,-nan,-nan
9717,3,-nan,-nan
9718,3,-nan,-nan
9719,3,-nan,-nan
9720,3,-nan,-nan
9721,3,-nan,-nan
9722,3,-nan,-nan
9723,3,-nan,-nan
9724,3,-nan,-nan
9725,3,-nan,-nan
9726,3,-nan,-nan
9727,3,-nan,-nan
9728,3,-nan,-nan
9729,3,-nan,-nan
9730,3,-nan,-nan
9731,3,-nan,-nan
9732,3,-nan,-nan
9733,3,-nan,-nan
9734,3,-nan,-nan
9735,3,-nan,-nan
9736,3,-nan,-nan
9737,3,-nan,-nan
9738,3,-nan,-nan
9739,3,-nan,-nan
9740,3,-nan,-nan
9741,3,-nan,-nan
9742,3,-nan,-nan
9743,3,-nan,-nan
9744,3,-nan,-nan
9745,3,-nan,-nan
9746,3,-nan,-nan
9747,3,-nan,-nan
9748,3,-nan,-nan
9749,3,-nan,-nan
9750,3,-nan,-nan
9751,3,-nan,-nan
9752,3,-nan,-nan
9753,3,-nan,-nan
9754,3,-nan,-nan
9755,3,-nan,-nan
9756,3,-nan,-nan
9757,3,-nan,-nan
9758,3,-nan,-nan
9759,3,-nan,-nan
9760,3,-nan,-nan
9761,3,-nan,-nan
9762,3,-nan,-nan
9763,3,-nan,-nan
9764,3,-nan,-nan
9765,3,-nan,-nan
9766,3,-nan,-nan
9767,3,-nan,-nan
9768,3,-nan,-nan
9769,3,-nan,-nan
9770,3,-nan,-nan
9771,3,-nan,-nan
9772,3,-nan,-nan
9773,3,-nan,-nan
9774,3,-nan,-nan
9775,3,-nan,-nan
9776,3,-nan,-nan
9777,3,-nan,-nan
9778,3,-nan,-nan
9779,3,-nan,-nan
9780,3,-nan,-nan
9781,3,-nan,-nan
9782,3,-nan,-nan
9783,3,-nan,-nan
9784,3,-nan,-nan
9785,3,-nan,-nan
9786,3,-nan,-nan
9787,3,-nan,-nan
9788,3,-nan,-nan
9789,3,-nan,-nan
9790,3,-nan,-nan
9791,3,-nan,-nan
9792,3,-nan,-nan
9793,3,-nan,-nan
9794,3,-nan,-nan
9795,3,-nan,-nan
9796,3,-nan,-nan
9797,3,-nan,-nan
9798,3,-nan,-nan
9799,3,-nan,-nan
9800,3,-nan,-nan
9801,3,-nan,-nan
9802,3,-nan,-nan
9803,3,-nan,-nan
9804,3,-nan,-nan
9805,3,-nan,-nan
9806,3,-nan,-nan
9807,3,-nan,-nan
9808,3,-nan,-nan
9809,3,-nan,-nan
9810,3,-nan,-nan
9811,3,-nan,-nan
9812,3,-nan,-nan
9813,3,-nan,-nan
9814,3,-nan,-nan
9815,3,-nan,-nan
9816,3,-nan,-nan
9817,3,-nan,-nan
9818,3,-nan,-nan
9819,3,-nan,-nan
9820,3,-nan,-nan
9821,3,-nan,-nan
9822,3,-nan,-nan
9823,3,-nan,-nan
9824,3,-nan,-nan
9825,3,-nan,-nan
9826,3,-nan,-nan
9827,3,-nan,-nan
9828,3,-nan,-nan
9829,3,-nan,-nan
9830,3,-nan,-nan
9831,3,-nan,-nan
9832,3,-nan,-nan
9833,3,-nan,-nan
9834,3,-nan,-nan
9835,3,-nan,-nan
9836,3,-nan,-nan
9837,3,-nan,-nan
9838,3,-nan,-nan
9839,3,-nan,-nan
9840,3,-nan,-nan
9841,3,-nan,-nan
9842,3,-nan,-nan
9843,3,-nan,-nan
9844,3,-nan,-nan
9845,3,-nan,-nan
9846,3,-nan,-nan
9847,3,-nan,-nan
9848,3,-nan,-nan
9849,3,-nan,-nan
9850,3,-nan,-nan
9851,3,-nan,-nan
9852,3,-nan,-nan
9853,3,-nan,-nan
9854,3,-nan,-nan
9855,3,-nan,-nan
9856,3,-nan,-nan
9857,3,-nan,-nan
9858,3,-nan,-nan
9859,3,-nan,-nan
9860,3,-nan,-nan
9861,3,-nan,-nan
9862,3,-nan,-nan
9863,3,-nan,-nan
9864,3,-nan,-nan
9865,3,-nan,-nan
9866,3,-nan,-nan
9867,3,-nan,-nan
9868,3,-nan,-nan
9869,3,-nan,-nan
9870,3,-nan,-nan
9871,3,-nan,-nan
9872,3,-nan,-nan
9873,3,-nan,-nan
9874,3,-nan,-nan
9875,3,-nan,-nan
9876,3,-nan,-nan
9877,3,-nan,-nan
9878,3,-nan,-nan
9879,3,-nan,-nan
9880,3,-nan,-nan
9881,3,-nan,-nan
9882,3,-nan,-nan
9883,3,-nan,-nan
9884,3,-nan,-nan
9885,3,-nan,-nan
9886,3,-nan,-nan
9887,3,-nan,-nan
9888,3,-nan,-nan
9889,3,-nan,-nan
9890,3,-nan,-nan
9891,3,-nan,-nan
9892,3,-nan,-nan
9893,3,-nan,-nan
9894,3,-nan,-nan
9895,3,-nan,-nan
9896,3,-nan,-nan
9897,3,-nan,-nan
9898,3,-nan,-nan
9899,3,-nan,-nan
9900,3,-nan,-nan
9901,3,-nan,-nan
9902,3,-nan,-nan
9903,3,-nan,-nan
9904,3,-nan,-nan
9905,3,-nan,-nan
9906,3,-nan,-nan
9907,3,-nan,-nan
9908,3,-nan,-nan
9909,3,-nan,-nan
9910,3,-nan,-nan
9911,3,-nan,-nan
9912,3,-nan,-nan
9913,3,-nan,-nan
9914,3,-nan,-nan
9915,3,-nan,-nan
9916,3,-nan,-nan
9917,3,-nan,-nan
9918,3,-nan,-nan
9919,3,-nan,-nan
9920,3,-nan,-nan
9921,3,-nan,-nan
9922,3,-nan,-nan
9923,3,-nan,-nan
9924,3,-nan,-nan
9925,3,-nan,-nan
9926,3,-nan,-nan
9927,3,-nan,-nan
9928,3,-nan,-nan
9929,3,-nan,-nan
9930,3,-nan,-nan
9931,3,-nan,-nan
9932,3,-nan,-nan
9933,3,-nan,-nan
9934,3,-nan,-nan
9935,3,-nan,-nan
9936,3,-nan,-nan
9937,3,-nan,-nan
9938,3,-nan,-nan
9939,3,-nan,-nan
9940,3,-nan,-nan
9941,3,-nan,-nan
9942,3,-nan,-nan
9943,3,-nan,-nan
9944,3,-nan,-nan
9945,3,-nan,-nan
9946,3,-nan,-nan
9947,3,-nan,-nan
9948,3,-nan,-nan
9949,3,-nan,-nan
9950,3,-nan,-nan
9951,3,-nan,-nan
9952,3,-nan,-nan
9953,3,-nan,-nan
9954,3,-nan,-nan
9955,3,-nan,-nan
9956,3,-nan,-nan
9957,3,-nan,-nan
9958,3,-nan,-nan
9959,3,-nan,-nan
9960,3,-nan,-nan
9961,3,-nan,-nan
9962,3,-nan,-nan
9963,3,-nan,-nan
9964,3,-nan,-nan
9965,3,-nan,-nan
9966,3,-nan,-nan
9967,3,-nan,-nan
9968,3,-nan,-nan
9969,3,-nan,-nan
9970,3,-nan,-nan
9971,3,-nan,-nan
9972,3,-nan,-nan
9973,3,-nan,-nan
9974,3,-nan,-nan
9975,3,-nan,-nan
9976,3,-nan,-nan
9977,3,-nan,-nan
9978,3,-nan,-nan
9979,3,-nan,-nan
9980,3,-nan,-nan
9981,3,-nan,-nan
9982,3,-nan,-nan
9983,3,-nan,-nan
9984,3,-nan,-nan
9985,3,-nan,-nan
9986,3,-nan,-nan
9987,3,-nan,-nan
9988,3,-nan,-nan
9989,3,-nan,-nan
9990,3,-nan,-nan
9991,3,-nan,-nan
9992,3,-nan,-nan
9993,3,-nan,-nan
9994,3,-nan,-nan
9995,3,-nan,-nan
9996,3,-nan,-nan
9997,3,-nan,-nan
9998,3,-nan,-nan
9999,3,-nan,-nan
10000,3,-nan,-nan
